clave_mun,municipio,asistencia_18_24,basica_incompleta_15mas,analfabeta_15mas,pct_internet,sin_lavadora,pob_6a14_no_asiste,pct_jefatura_f,piso_tierra,lengua_indigena,sin_drenaje,intensidad_migratoria,sin_energia_electrica,sin_excusado,sin_derechohabiencia
20001,Abejones,44.96124031007752,52.459016,21.639343999999998,7.834101382488479,77.777778,2.531646,28.883495145631066,15.740741,94.93201483312733,22.685185,-57.60548,1.8518519999999998,0.46296299999999996,5.231866999999999
20002,Acatlán de Pérez Figueroa,25.45764154959557,50.259146,12.798779999999999,28.435290501075926,39.087621999999996,5.334785,24.258533235873923,8.600662,11.042830104913897,20.201553999999998,-63.27465,1.600123,5.161936,26.247038999999997
20003,Asunción Cacalotepec,22.026431718061673,55.782678999999995,20.710058999999998,5.4088050314465415,94.836272,3.073286,23.17510969285999,25.81864,94.46052087639521,67.506297,-64.94813,3.7783379999999998,1.763224,23.792697
20004,Asunción Cuyotepeji,22.900763358778626,46.089048999999996,8.303249,17.595307917888565,51.917404,3.636364,30.26196928635953,6.19469,0.18957345971563982,9.439528,-61.16462,1.179941,7.079645999999999,27.913279
20005,Asunción Ixtaltepec,41.09477124183007,41.853488,11.375948,28.43592330978809,33.198215999999995,3.036145,25.074096028452875,2.979327,44.24670561065073,2.107823,-65.1866,1.540332,1.9051479999999998,21.853089999999998
20006,Asunción Nochixtlán,32.9535095715588,33.140022,6.057854,24.28892215568862,43.6487,3.322615,30.40524026005768,12.589521,11.55952873088053,16.509612,-64.14743,3.6750849999999997,1.3758009999999998,34.108678999999995
20007,Asunción Ocotlán,8.571428571428571,75.346113,31.576144999999997,16.25487646293888,68.318123,3.2154339999999997,27.390396659707722,54.367666,79.93049522154648,57.757497,-60.9633,2.346806,3.389831,43.465553
20008,Asunción Tlacolulita,33.33333333333333,63.478260999999996,8.695651999999999,3.731343283582089,59.701493,14.285713999999999,23.705722070844686,11.19403,8.948863636363637,3.731343,-64.62872,1.865672,3.358209,23.160763
20009,Ayotzintepec,11.782477341389729,59.678101999999996,12.727658,9.856262833675565,70.26749,4.245641,24.15050313548199,8.539095,55.85973546601046,20.627572,-62.92218,1.646091,1.286008,22.619221
20010,El Barrio de la Soledad,33.743589743589745,33.848048999999996,6.119742,31.595940959409596,23.084025999999998,3.889185,23.727178269259312,1.754386,4.521645355107071,2.216066,-64.46049,0.7386889999999999,2.0313939999999997,20.016327999999998
20011,Calihualá,6.329113924050633,67.731629,23.535676,3.823529411764706,56.047197999999995,3.225806,19.97084548104956,11.79941,42.934782608695656,26.843657999999998,-58.73558,1.769912,9.439528,20.542082999999998
20012,Candelaria Loxicha,9.309542280837858,62.089423,20.879756999999998,3.0831643002028395,86.753884,10.372447,17.750313451549346,25.143091,60.702503396079955,25.429271999999997,-62.66302,8.789861,2.12592,42.44134
20013,Ciénega de Zimatlán,35.76642335766424,49.808102,7.590618,58.48214285714286,17.410714,2.727273,25.69832402234637,11.160713999999999,1.163188504960657,2.566964,-59.83401,0.892857,0.334821,29.34604
20014,Ciudad Ixtepec,41.77984274481773,30.935890999999998,6.495087,49.69795539033458,34.593838,3.514685,34.056368176953264,4.738562,19.03456451672656,1.342204,-64.7638,1.038749,1.493931,25.268855
20015,Coatecas Altas,8.333333333333332,75.32502,30.512072,25.495049504950494,82.013201,7.379678999999999,19.156086631814787,23.184818,56.76959619952494,61.551154999999994,-59.45023,1.6501649999999999,6.848185,28.360716999999998
20016,Coicoyán de las Flores,6.775700934579438,80.362804,42.691088,4.174120453190221,92.159228,16.105477,24.32291122032835,38.781665,96.4711171049674,68.57659799999999,-60.20876,7.720145,6.513872,16.250131
20017,La Compañía,6.133333333333333,66.07480199999999,18.700416,5.5607917059377945,61.473088,5.025996999999999,23.06626004990297,16.525024,0.6120664529291752,41.076487,-61.12909,2.077432,2.360718,27.529802999999998
20018,Concepción Buenavista,17.741935483870968,64.825046,8.287293,12.236286919831224,46.835443,6.349206,20.877659574468087,7.1729959999999995,1.1157601115760112,8.860759,-63.74231,3.797468,6.329114,18.085106
20019,Concepción Pápalo,11.41304347826087,70.364964,18.588808,5.497076023391813,54.747948,4.1928719999999995,15.536826676438256,18.522859999999998,39.75858166729536,23.329425999999998,-64.86829,0.468933,0.937866,20.297749
20020,Constancia del Rosario,23.699421965317917,59.214003,30.482166,13.245033112582782,61.421800999999995,11.346316999999999,34.21108068253634,18.578198999999998,60.93921439543559,4.739336,-57.6678,3.033175,1.4218009999999999,16.133691
20021,Cosolapa,26.28898790579249,42.980458999999996,10.149877,25.847868217054266,35.935594,5.697528,30.317899101589497,7.8311779999999995,3.6042609076316943,4.537692,-64.5199,1.366187,3.586241,23.923247
20022,Cosoltepec,28.205128205128204,45.310016,5.405405,4.377104377104377,58.108107999999994,4.0,27.631578947368425,5.067568,19.404915912031047,25.337837999999998,-64.39274,2.702703,6.081080999999999,23.038605
20023,Cuilápam de Guerrero,35.25883838383838,33.112079,4.311917,30.054410080183274,45.820789,5.282852999999999,24.59266423629194,12.071684999999999,8.120505344995141,21.620072,-64.39809,4.9319,2.795699,40.3653
20024,Cuyamecalco Villa de Zaragoza,10.830324909747292,73.731112,29.794653,25.9765625,75.95682,7.104558,23.006134969325153,10.893032,20.034443168771528,27.379783999999997,-64.96425,2.453386,2.649657,29.884742
20025,Chahuites,19.81907894736842,51.140065,10.918084,20.896888346552775,33.721643,10.293360999999999,25.58119056005636,5.242183,4.528197055282897,2.0539549999999998,-64.40517,0.735745,2.605763,38.376189
20026,Chalcatongo de Hidalgo,25.968109339407746,45.4882,11.059695,20.19455252918288,54.880438999999996,2.162516,24.37087574096857,17.052136,38.44447039588929,41.630733,-63.22709,1.764014,2.3128189999999997,27.648035
20027,Chiquihuitlán de Benito Juárez,9.937888198757763,71.289538,31.934306999999997,20.43010752688172,83.736559,3.3434649999999997,25.424506654428637,10.752688,53.63155363155363,24.731182999999998,-65.19004,2.688172,3.091398,17.898118
20028,Heroica Ciudad de Ejutla de Crespo,15.694888178913738,57.291415,13.869406999999999,22.132631232516044,48.006589999999996,6.589827,26.511386716217967,23.607908,2.0774228974100852,19.176277,-61.73684,1.6968699999999999,3.4925859999999997,45.930533999999994
20029,Eloxochitlán de Flores Magón,10.294117647058822,69.849246,33.27351,7.547169811320755,92.955326,10.355649,33.53365384615385,18.642612,86.45418326693228,59.965635999999996,-65.23462,3.522337,1.116838,13.357057999999999
20030,El Espinal,46.833773087071236,25.978022,5.362636999999999,55.534055727554176,19.953235,1.869159,30.882016036655212,2.0654719999999998,33.436680181254474,1.363991,-64.81379,1.325019,1.5198749999999999,20.137456999999998
20031,Tamazulápam del Espíritu Santo,21.72523961661342,63.297872,26.379039,17.124631992149165,83.85032,8.135349,34.193548387096776,19.005416,89.60474880555958,26.637124999999997,-60.96993,2.3141309999999997,1.378631,37.550452
20032,Fresnillo de Trujano,6.185567010309279,62.148337999999995,23.785166,3.761755485893417,30.721003,5.031447,19.96285979572888,3.761755,0.1976284584980237,10.031348,-56.26127,1.2539179999999999,7.836990999999999,22.005571
20033,Guadalupe Etla,43.53312302839117,30.971128999999998,3.1058619999999997,44.689119170984455,28.793774,5.612245,23.585875899897154,3.501946,6.097128677773839,6.225681,-64.30177,0.9079119999999999,1.2970169999999999,38.818709
20034,Guadalupe de Ramírez,17.857142857142858,60.256409999999995,12.286325,1.8087855297157622,33.074934999999996,2.830189,22.36024844720497,2.583979,1.4037985136251032,5.9431519999999995,-58.23113,0.25839799999999996,2.842377,18.944098999999998
20035,Guelatao de Juárez,50.0,20.967741999999998,1.612903,48.795180722891565,27.272727,2.285714,32.80701754385965,3.030303,25.628930817610062,1.818182,-64.89062,0.0,0.0,12.633180999999999
20036,Guevea de Humboldt,12.280701754385964,62.6703,18.010899,36.07095926412615,78.89546399999999,6.086957,12.438000763067532,11.374096,44.199559206571834,8.218277,-64.8307,2.695595,3.287311,13.527396999999999
20037,Mesones Hidalgo,15.517241379310345,65.618861,24.361493,17.917034421888793,70.619469,8.00451,23.74742621825669,12.654867,37.36552713363614,17.256636999999998,-58.22704,4.336283,6.106195,15.280289
20038,Villa Hidalgo,15.168539325842698,64.310226,16.815374,21.550094517958414,71.780303,6.198347,22.443487621097955,15.719697,84.18110676355506,7.9545449999999995,-63.43948,2.083333,0.94697,34.376658
20039,Heroica Ciudad de Huajuapan de León,34.92155053068758,31.773367999999998,5.154256,38.78933673719868,30.918352,4.20291,30.282555282555286,5.088769,5.968359206554549,1.8149449999999998,-63.02829,0.8951089999999999,1.3451359999999999,47.843908
20040,Huautepec,12.110726643598616,74.200689,37.137236,7.575757575757576,96.289538,10.881935,23.55520751761942,15.26764,94.56631792102598,74.3309,-65.3375,5.839416,1.642336,17.948316
20041,Huautla de Jiménez,20.281995661605208,57.018175,27.856756999999998,23.184452778724854,81.823368,6.544721999999999,25.80390671841964,27.498859,80.46408179524632,30.602465,-65.15621,3.26335,1.928343,28.293913999999997
20042,Ixtlán de Juárez,29.85232067510549,42.222981,5.61721,32.4849007765315,53.252385,3.1558189999999997,22.111577684463107,17.73634,51.07371593620494,8.976583,-63.4842,0.650477,0.737207,24.376863
20043,Juchitán de Zaragoza,35.650190114068444,39.008928999999995,9.485721999999999,40.262042121359556,34.163527,4.260216,31.027011792889038,4.667225,59.2909251428837,1.035998,-65.12684,1.0499509999999999,2.274313,41.316369
20044,Loma Bonita,24.34067263488991,49.635712999999996,10.411975,29.959387691346457,34.211967,6.8547769999999995,34.08751072435348,6.6093079999999995,3.5840821566110397,8.463042999999999,-64.21107,1.118498,2.2213529999999997,30.761713999999998
20045,Magdalena Apasco,42.90465631929046,27.002174,1.956195,45.720823798627,26.465201,4.086538,25.824036511156184,3.113553,2.7496382054992763,8.653846,-64.109,0.36629999999999996,0.5952379999999999,28.549695999999997
20046,Magdalena Jaltepec,18.25726141078838,56.071898,9.250328999999999,8.137044967880087,49.946179,4.218362,24.49812861517523,8.18084,6.996466431095406,34.44564,-62.58648,1.506997,2.906351,15.426435999999999
20047,Santa Magdalena Jicotlán,50.0,54.285714,5.7142859999999995,6.666666666666667,60.0,0.0,17.28395061728395,3.3333329999999997,1.2658227848101267,16.666667,-64.9983,0.0,0.0,38.271605
20048,Magdalena Mixtepec,8.61244019138756,58.722919,12.656784,4.946996466431095,83.745583,2.366864,19.888346127006283,36.395759999999996,4.60377358490566,92.932862,-63.60573,3.180212,2.8268549999999997,15.840893
20049,Magdalena Ocotlán,18.852459016393443,46.487119,6.908665,30.793650793650794,50.15873,1.005025,18.074324324324326,30.793650999999997,9.634255129348796,74.603175,-63.45145,1.269841,0.9523809999999999,45.608108
20050,Magdalena Peñasco,21.52317880794702,63.776114,27.394561,13.123092573753814,63.061223999999996,2.0262219999999997,18.112175102599178,15.612245,92.75727069351231,91.326531,-59.44526,2.755102,1.122449,12.799999999999999
20051,Magdalena Teitipac,6.302521008403361,88.244564,24.393318999999998,3.3596837944664033,67.49011899999999,13.114754,17.317380352644836,21.936759,83.73748609566185,43.083003999999995,-59.51278,0.889328,1.6798419999999998,43.073048
20052,Magdalena Tequisistlán,34.35114503816794,42.540456999999996,10.019950999999999,17.266949152542374,54.564755999999996,7.255521,24.0113465709995,10.934182999999999,3.4831069313827934,4.77707,-64.14896,4.193206,4.193206,16.827885
20053,Magdalena Tlacotepec,32.72727272727273,42.967245,10.88632,25.415676959619955,44.152744999999996,4.320988,21.51117964533539,2.863962,16.136724960254373,4.057278999999999,-64.85058,0.238663,4.057278999999999,28.064764999999998
20054,Magdalena Zahuatlán,36.17021276595745,50.160771999999994,6.109325,10.76923076923077,52.307691999999996,3.389831,25.0,13.846153999999999,1.0204081632653061,42.307691999999996,-63.62559,2.307692,3.076923,11.386139
20055,Mariscala de Juárez,12.745098039215685,58.383458999999995,10.714286,5.5762081784386615,23.184358,8.534621999999999,24.445038780422575,2.2346369999999998,0.3703703703703704,5.772812,-60.08472,0.558659,4.748603,17.812248999999998
20056,Mártires de Tacubaya,25.352112676056336,53.294574,12.887597,7.542579075425791,53.056235,1.659751,29.18395573997234,10.513447,1.692420897718911,11.246944,-63.35196,1.466993,10.757945999999999,21.64592
20057,Matías Romero Avendaño,25.301204819277107,41.367914,9.641497,22.37189646064448,38.683491,4.538008,27.32940406024885,4.279538,11.86900118938954,3.979529,-63.95211,1.3059209999999999,2.047119,33.609198
20058,Mazatlán Villa de Flores,9.68054211035818,69.743943,32.104718999999996,5.179615705931495,92.389183,8.280255,18.981444926964073,40.841929,78.80092745942365,15.249512,-65.13906,3.3732919999999997,3.5405629999999997,11.256091999999999
20059,Miahuatlán de Porfirio Díaz,28.31769436997319,45.466457999999996,10.798528,30.1056338028169,60.807691999999996,4.94823,26.019293399843345,17.446154,10.503630238737891,18.369231,-63.23383,1.461538,1.3,44.321588
20060,Mixistlán de la Reforma,18.269230769230766,57.440811999999994,18.714769,1.3910355486862442,91.459627,2.391304,17.410534780860473,20.652174,97.91932059447983,34.782609,-64.11903,5.745342,2.639752,13.309208
20061,Monjas,7.958477508650519,65.675403,22.883065,12.60923845193508,63.704631,11.720227,23.435879709643967,19.774718,2.8718703976435935,39.799749999999996,-60.06818,2.12766,9.136421,17.110266
20062,Natividad,33.33333333333333,41.73028,4.325699999999999,48.38709677419355,37.419354999999996,1.612903,38.55421686746988,9.032257999999999,22.033898305084744,1.2903229999999999,-62.55588,0.645161,0.0,18.875502
20063,Nazareno Etla,46.84317718940937,23.681884999999998,1.3843889999999999,52.25863596102746,25.998224999999998,3.9145909999999997,27.579781038900535,2.218279,1.0142477662400387,3.815439,-64.42743,0.976043,0.709849,34.334964
20064,Nejapa de Madero,12.89940828402367,51.795034,7.622964,12.636439966414779,52.890792,5.948795,18.03607214428858,14.432547999999999,19.582052858020898,6.937901,-63.80383,2.997859,1.7987149999999998,25.794679
20065,Ixpantepec Nieves,11.428571428571429,75.029727,28.537454999999998,1.4285714285714286,53.581661999999994,2.1739129999999998,23.872180451127818,11.461318,68.38021338506304,5.157592999999999,-57.24324,2.005731,5.730659,47.822057
20066,Santiago Niltepec,25.495049504950494,50.323865999999995,13.926257999999999,12.614678899082568,37.521713999999996,7.737397,28.6035192811681,3.474233,1.1539213768824563,2.895194,-64.85272,2.489867,2.7793859999999997,22.089105
20067,Oaxaca de Juárez,46.964056271208776,21.546509999999998,2.706512,63.021852795280864,34.357512,4.310773,37.67813836384842,4.834804,8.33397784927608,1.9640549999999999,-64.46197,0.516573,1.095028,36.265062
20068,Ocotlán de Morelos,31.63841807909605,38.280316,7.26683,39.8478835978836,42.731787999999995,5.013122999999999,27.95300459005348,18.559603,3.2125497127706586,19.437086,-63.74305,1.125828,1.357616,42.924507999999996
20069,La Pe,1.8561484918793503,62.742176,13.313462,5.641025641025641,63.333332999999996,18.316831999999998,15.59633027522936,16.794871999999998,0.3859649122807018,76.538462,-60.61096,1.025641,0.641026,10.419397
20070,Pinotepa de Don Luis,14.634146341463413,51.886792,19.766396999999998,20.888355342136855,86.08433699999999,3.405316,28.460099750623442,15.843373,76.89899489207448,7.46988,-64.43322,2.409639,5.903614,14.619701
20071,Pluma Hidalgo,9.358288770053475,57.312774999999995,17.709251,13.937282229965156,82.380397,9.240924,24.608294930875577,21.003501,3.704907377315567,48.424737,-64.54851,5.6009329999999995,2.917153,28.448541
20072,San José del Progreso,11.466165413533833,54.491873999999996,11.216289,23.96379228203907,53.311101,8.367072,18.116391611862515,15.054787999999999,5.761641673243883,56.360172,-64.26268,1.238685,3.716055,20.809033
20073,Putla Villa de Guerrero,27.221324717285945,44.410802,11.448445,24.829351535836178,57.946236999999996,3.6249789999999997,29.75499303297724,13.892472999999999,29.290617848970253,17.935484,-62.12413,1.924731,2.591398,25.340529
20074,Santa Catarina Quioquitani,26.53061224489796,58.095237999999995,7.301587,3.125,83.59375,2.020202,16.228070175438596,3.90625,77.90432801822324,3.90625,-60.54235,0.78125,1.5625,3.289474
20075,Reforma de Pineda,18.37837837837838,48.374761,12.189293,6.345957011258956,32.541322,4.395604,31.76691729323308,1.96281,2.4513618677042803,2.68595,-64.39875,0.9297519999999999,2.892562,16.729323
20076,La Reforma,17.970401691331926,53.327855,8.504519,34.811529933481154,47.801578,7.300509,25.241864555848725,13.416008999999999,2.0230314347961404,7.440811999999999,-58.67899,3.043968,3.7204059999999997,19.994137
20077,Reyes Etla,30.991735537190085,36.127255999999996,2.5390029999999997,44.423963133640555,41.774491999999995,3.751804,28.100686498855836,7.116451,3.5518474374255065,8.040664999999999,-64.34802,1.201479,1.7560069999999999,35.469108
20078,Rojas de Cuauhtémoc,36.29032258064516,39.514562999999995,3.3009709999999997,39.94708994708995,23.809524,2.439024,25.36510376633359,4.761905,1.675977653631285,17.989418,-63.73574,0.5291009999999999,0.26455,23.597233
20079,Salina Cruz,39.00700795818981,27.949713,4.083501,52.17833001211268,27.842937,4.722199,33.03492025849292,2.7458519999999997,4.589348057543269,2.326129,-64.84213,0.8629819999999999,1.117954,24.372913
20080,San Agustín Amatengo,7.199999999999999,66.829666,20.456398,21.951219512195124,55.909943999999996,6.074765999999999,22.473320778405526,20.825516,0.3952569169960474,5.440900999999999,-59.92617,2.06379,3.3771109999999998,27.495292
20081,San Agustín Atenango,20.52980132450331,72.993719,21.353803,5.762711864406779,42.517007,4.814814999999999,22.5013361838589,6.972789,50.02791736460078,14.62585,-57.93375,2.891156,3.231293,25.761625
20082,San Agustín Chayuco,9.839816933638444,54.261745,14.42953,8.936170212765958,78.40617,7.605633999999999,22.821376986037553,12.85347,50.98039215686274,4.7129389999999995,-61.54953,4.113111,2.056555,21.811194
20083,San Agustín de las Juntas,40.723981900452486,26.478025,3.5882,60.24740889334671,42.919463,4.557499,34.23970432946145,9.395973,9.389192696264715,1.711409,-64.34592,0.46979899999999997,0.872483,38.381178
20084,San Agustín Etla,47.3170731707317,23.495441,2.066869,65.02914238134888,16.973243999999998,3.407155,29.222648752399234,3.929766,2.0539470428111852,3.4280939999999998,-64.13197,0.501672,1.337793,30.110364999999998
20085,San Agustín Loxicha,7.067476814838504,65.136755,21.593605999999998,3.2204940530649586,93.100904,10.096864,16.52610595721843,50.913115999999995,88.60728040750404,55.801513,-63.5439,7.766095,1.309721,13.468732999999999
20086,San Agustín Tlacotepec,37.03703703703704,37.549406999999995,8.300395,12.386706948640484,73.860182,0.571429,33.36853220696938,15.50152,65.0,79.93921,-63.77922,4.255319,4.255319,23.352712999999998
20087,San Agustín Yatareni,24.963715529753266,53.121902999999996,4.9801779999999995,43.13725490196079,42.514123999999995,9.294513,27.00597717804746,9.533897999999999,11.81297709923664,4.096045,-62.58634,0.353107,0.918079,61.601158999999996
20088,San Andrés Cabecera Nueva,20.846905537459286,61.07814,13.204747999999999,12.143742255266417,61.394769999999994,3.929273,21.094839609483962,14.196762,3.053715967623252,48.816936,-62.02067,4.98132,2.117061,16.799722
20089,San Andrés Dinicuiti,18.30985915492958,54.678363,10.526316,11.2012987012987,61.374795,4.901961,18.760831889081455,3.4369889999999996,1.1241007194244603,7.037643,-63.60712,0.327332,3.764321,32.885615
20090,San Andrés Huaxpaltepec,18.914473684210524,44.05563,12.943024,18.851087562744002,62.423227,3.4291009999999997,26.7404555662496,11.725292999999999,25.01266677926026,3.350084,-63.83946,2.1775539999999998,2.847571,29.659928999999998
20091,San Andrés Huayápam,47.41641337386018,18.973941,2.239414,69.78378378378378,22.739577999999998,4.171633,31.05590062111801,5.739036,8.8338046913991,1.949107,-64.46602,0.270709,0.86627,35.96114
20092,San Andrés Ixtlahuaca,27.500000000000004,44.219218999999995,8.333333,38.46153846153847,48.582995999999994,5.447471,27.927927927927925,9.716599,17.319098457888494,43.522267,-59.90181,2.631579,1.8218619999999999,48.310811
20093,San Andrés Lagunas,13.513513513513514,68.274112,5.076142,1.1049723756906076,61.325967,12.5,28.957528957528954,7.18232,1.0309278350515463,78.45303899999999,-64.32447,1.657459,1.1049719999999998,18.725869
20094,San Andrés Nuxiño,7.975460122699387,43.67988,6.731488,4.421768707482993,86.17747399999999,1.492537,14.650027129679868,5.631399,27.89115646258503,93.51535799999999,-65.02247,1.877133,1.194539,13.243243
20095,San Andrés Paxtlán,7.907742998352553,61.221945,24.937656,8.83495145631068,92.80855199999999,6.567533999999999,11.709913506320692,29.543246,62.27293898462971,89.60155499999999,-64.6557,2.332362,0.9718169999999999,22.249014
20096,San Andrés Sinaxtla,29.310344827586203,33.451957,4.448399,56.82819383259912,36.888889,3.846154,25.925925925925924,6.6666669999999995,3.072625698324022,12.0,-64.19386,0.8888889999999999,1.7777779999999999,27.380951999999997
20097,San Andrés Solaga,13.793103448275861,73.146148,6.983441,9.867172675521822,84.0,7.234043,21.077012159814707,25.142857,89.79472140762464,0.38095199999999996,-62.3673,0.571429,0.38095199999999996,29.136080999999997
20098,San Andrés Teotilálpam,15.180722891566264,61.731749,19.728353,24.264049955396967,67.589286,2.308627,20.75561932089909,16.071429,43.67816091954023,88.30357099999999,-64.69964,3.839286,1.428571,22.513583999999998
20099,San Andrés Tepetlapa,4.761904761904762,70.895522,33.208954999999996,3.508771929824561,81.578947,7.142856999999999,25.72178477690289,14.035088,0.2777777777777778,35.087719,-61.74273,0.0,7.894736999999999,14.698163
20100,San Andrés Yaá,10.714285714285714,73.14814799999999,28.703704,12.987012987012985,86.363636,8.108108,32.06106870229007,18.831169,91.73333333333333,9.74026,-47.16055,1.948052,2.597403,15.776081
20101,San Andrés Zabache,6.185567010309279,70.692718,24.511544999999998,25.961538461538463,52.912620999999994,4.901961,24.732620320855613,29.611649999999997,13.098591549295774,59.223301,-59.12095,1.9417479999999998,3.398058,30.347593999999997
20102,San Andrés Zautla,33.21799307958477,33.897461,3.036336,31.88202247191011,46.558989,4.676259,26.5114532482163,9.901684999999999,5.732733320289571,18.75,-63.9937,3.230337,2.668539,29.064964
20103,San Antonino Castillo Velasco,24.464831804281346,58.802738999999995,8.327810999999999,33.736473583704644,43.222505999999996,8.297872,26.187717265353417,27.173913,12.543192812715965,11.061380999999999,-64.75797,0.191816,1.598465,55.046174
20104,San Antonino el Alto,19.943019943019944,49.526315999999994,10.157895,22.45762711864407,60.678925,4.9900199999999995,21.05065666041276,19.80198,37.9525107045543,85.855728,-61.25475,3.677511,1.131542,13.530498999999999
20105,San Antonino Monte Verde,7.4332171893147505,50.607521999999996,12.439729999999999,22.755741127348646,50.992684999999994,1.789137,17.747216764898493,12.277951999999999,93.78453038674033,34.326018999999995,-59.70334,1.306165,1.724138,20.526179
20106,San Antonio Acutla,35.0,67.005076,16.243655,14.457831325301203,74.69879499999999,2.941176,14.859437751004014,2.409639,11.475409836065573,3.614458,-63.43006,0.0,3.614458,12.449798999999999
20107,San Antonio de la Cal,35.59124087591241,31.593003999999997,4.749686,52.33193953039562,42.898596999999995,5.212587,32.85746916400183,8.882799,8.702837794259915,1.225214,-64.33919,0.403031,0.870547,38.988661
20108,San Antonio Huitepec,22.018348623853214,50.387597,9.98062,10.891089108910892,60.869564999999994,2.7972029999999997,21.365405022992572,19.006211,39.53488372093023,28.944098999999998,-63.08594,3.975155,1.36646,20.912807
20109,San Antonio Nanahuatípam,31.782945736434108,36.779108,5.984766,20.64896755162242,44.837758,2.3121389999999997,28.084415584415584,10.029499,7.445887445887446,2.949853,-63.32394,2.949853,2.0648969999999998,6.655844
20110,San Antonio Sinicahua,22.448979591836736,57.197697,21.880997999999998,3.416856492027335,90.61784899999999,4.047619,35.228677379480835,19.221968,94.34561626429479,91.990847,-60.50275,5.263158,3.89016,44.364508
20111,San Antonio Tepetlapa,8.153078202995008,51.383399,22.01277,2.2222222222222223,92.376682,6.223629,26.63656884875846,19.282511,78.67630944554021,19.910314,-61.21422,2.6905829999999997,6.278027,15.842397
20112,San Baltazar Chichicápam,37.368421052631575,49.717513999999994,21.798493,19.839449541284402,79.908152,2.888087,21.622670807453417,12.28473,84.2,4.247991,-64.15087,1.8369689999999999,2.9850749999999997,43.633539999999996
20113,San Baltazar Loxicha,9.142857142857142,63.430127,10.798548,20.02301495972382,76.47058799999999,5.328596999999999,13.765822784810128,11.880046,16.06425702811245,46.020761,-62.59098,1.038062,0.11534,15.935626
20114,San Baltazar Yatzachi el Bajo,14.814814814814813,63.432835999999995,13.619403,12.757201646090536,66.255144,5.1282049999999995,23.44213649851632,11.934156,78.13953488372093,10.288065999999999,-60.73605,0.41152299999999997,3.292181,19.58457
20115,San Bartolo Coyotepec,47.5548060708263,24.388996,3.339731,52.96803652968036,34.155798,2.9126209999999997,33.21120903059709,6.274233,5.349959774738536,2.7141349999999997,-64.34994,0.916461,0.810716,27.023386
20116,San Bartolomé Ayautla,13.550135501355012,70.399712,34.137558999999996,9.115044247787612,96.811337,4.611924,21.157104817235535,18.954826999999998,94.69638739431207,40.832595,-65.24546,2.568645,1.860053,21.496005999999998
20117,San Bartolomé Loxicha,5.769230769230769,61.637653,17.537073,2.4154589371980677,89.533011,8.173077,17.035698147311344,10.305958,62.27944682880305,41.867954999999995,-62.6402,6.763285,1.771337,4.20244
20118,San Bartolomé Quialana,15.083798882681565,79.086406,22.234451999999997,20.0,48.955224,4.712041999999999,26.87316868982838,15.522388,93.65010799136068,12.537313,-51.57597,1.791045,1.343284,53.495186
20119,San Bartolomé Yucuañe,23.809523809523807,42.528735999999995,12.151067,30.73394495412844,76.146789,7.792208,40.0,25.688073,63.07692307692307,31.192660999999998,-63.96369,1.376147,1.834862,19.319727999999998
20120,San Bartolomé Zoogocho,59.09090909090909,56.183746,9.187279,40.17094017094017,70.175439,4.225352,33.663366336633665,15.789473999999998,78.4090909090909,4.385965,-63.00763,0.877193,3.508772,29.175946999999997
20121,San Bartolo Soyaltepec,28.30188679245283,53.319502,9.3361,2.4271844660194173,64.563107,1.428571,19.798657718120804,5.339805999999999,38.54166666666667,8.737864,-63.99457,1.9417479999999998,3.398058,25.167785
20122,San Bartolo Yautepec,9.30232558139535,53.34728,3.1380749999999997,7.8817733990147785,45.812808,0.0,20.21439509954058,27.093595999999998,25.723472668810288,6.896552,-64.83318774193549,1.477833,0.9852219999999999,19.142419999999998
20123,San Bernardo Mixtepec,9.210526315789473,54.190231,11.156811999999999,15.151515151515152,56.916996,3.2454359999999998,20.96147048427006,14.229249,2.5998492840994722,34.255599,-59.80161,2.239789,0.7905139999999999,20.148462
20124,San Blas Atempa,20.496894409937887,60.593754,23.953228,18.947575103082663,55.310779,8.914729,24.233346872461414,40.912667,83.00272683526707,5.192762,-65.00578,3.973249,5.468135,21.060114
20125,San Carlos Yautepec,12.438625204582651,60.261844999999994,12.456358999999999,6.915254237288136,78.57629399999999,5.434317999999999,18.207620194375163,27.282016,46.399204843227615,21.866484999999997,-64.51633,6.880109,2.963215,18.641742
20126,San Cristóbal Amatlán,11.684370257966616,58.210181,25.068417999999998,2.7496382054992763,95.65846599999999,3.345389,16.86434395848777,25.759767999999998,88.36434867776688,81.47612199999999,-63.81423,3.5455859999999997,4.124457,10.656042
20127,San Cristóbal Amoltepec,9.01639344262295,51.205510999999994,17.221584,7.341772151898734,74.365482,2.040816,25.878594249201274,21.319796999999998,77.16204869857263,93.654822,-63.22484,8.629442,4.0609139999999995,22.683705999999997
20128,San Cristóbal Lachirioag,23.18840579710145,62.865497,12.670565,32.98969072164948,68.058455,1.538462,17.45173745173745,5.845511,82.93436293436294,0.626305,-60.11418,0.20876799999999998,0.835073,36.81073
20129,San Cristóbal Suchixtlahuaca,34.78260869565217,42.248062,3.100775,7.079646017699115,26.548672999999997,3.278689,32.58426966292135,2.654867,6.1946902654867255,1.769912,-64.92315,0.0,1.769912,7.303370999999999
20130,San Dionisio del Mar,18.350515463917525,56.053202999999996,19.001086,3.950617283950617,62.538892,1.79704,17.393822393822393,7.778468999999999,43.29728626810855,11.574361999999999,-64.47376,4.915992999999999,9.583074,32.297297
20131,San Dionisio Ocotepec,10.418250950570341,69.878236,18.595579,12.334644261708974,73.295047,5.839002,13.075102970817632,25.089734,87.92008102384679,6.819813,-61.62138,2.727925,2.2971999999999997,36.096748999999996
20132,San Dionisio Ocotlán,19.526627218934912,38.675624,5.086372,16.353887399463808,40.591398,13.043477999999999,21.555555555555557,9.677419,4.545454545454546,22.580645,-64.87312,2.150538,0.0,31.159419999999997
20133,San Esteban Atatlahuca,24.050632911392405,56.141617999999994,12.210982999999999,4.57190357439734,78.51790199999999,1.426534,20.06133401482239,29.392173,77.67016411084208,78.43463799999999,-63.85369,8.576187,2.664446,8.439248
20134,San Felipe Jalapa de Díaz,8.413238478193628,67.436527,23.575848,7.195491980927611,87.01317499999999,13.683347,21.63385619538899,20.327204,84.43845058814715,48.863471999999994,-65.2209,1.520197,3.373389,21.943859999999997
20135,San Felipe Tejalápam,13.353413654618473,45.881955,6.9000509999999995,26.29774730656219,69.475747,4.524887,21.491920787267645,13.375796,1.4846372321198036,44.194023,-63.24485,1.1268989999999999,1.22489,48.633216
20136,San Felipe Usila,16.71583087512291,54.740651,19.143546,4.556354916067146,82.702889,2.698283,13.94560634868149,17.125172,93.17255140105839,86.004127,-64.91014,1.6506189999999998,0.343879,23.984907
20137,San Francisco Cahuacuá,13.020833333333334,54.503752999999996,9.716429999999999,5.204872646733112,76.803552,5.766312999999999,14.164719626168223,26.304107,0.9541397353031703,57.935627,-63.29643,7.436182,1.886792,13.913043
20138,San Francisco Cajonos,22.58064516129032,58.423913,11.413043,16.363636363636363,61.349692999999995,10.869565,22.172949002217297,11.042945,70.30162412993039,3.6809819999999998,-61.21356,0.0,1.226994,18.403548
20139,San Francisco Chapulapa,9.569377990430622,65.148378,22.291235,17.565217391304348,80.628272,3.9501039999999996,20.506912442396313,17.975566999999998,8.37746750120366,32.111692999999995,-64.54779,2.268761,1.396161,10.979498999999999
20140,San Francisco Chindúa,13.333333333333334,44.112769,6.135987,6.172839506172839,58.847736999999995,3.875969,18.34975369458128,15.63786,0.517464424320828,65.02057599999999,-64.35832,0.8230449999999999,1.2345679999999999,22.044335
20141,San Francisco del Mar,16.29711751662971,54.522358,11.466802,9.760065067100447,44.421741,5.260082,20.82471858488399,8.868001999999999,15.172667156502573,7.4785449999999996,-63.69276,12.464241999999999,6.824682999999999,26.95752
20142,San Francisco Huehuetlán,25.806451612903224,72.699849,34.38914,4.225352112676056,89.788732,5.9322029999999994,29.572446555819475,11.971831,86.18581907090464,14.43662,-65.26012,0.704225,2.4647889999999997,11.401425
20143,San Francisco Ixhuatán,16.70616113744076,49.069734,11.844908,20.494233937397034,33.677548,3.557047,22.54653130287648,5.829447,7.960862797420503,4.830113,-64.43189,1.532312,3.7308459999999997,15.843990999999999
20144,San Francisco Jaltepetongo,15.714285714285714,58.793969999999995,10.301508,7.1022727272727275,66.381766,1.724138,16.878048780487806,7.122507,10.58252427184466,36.182336,-64.04487,4.273504,1.424501,18.790698
20145,San Francisco Lachigoló,36.029411764705884,30.351602999999997,2.895553,50.836120401337794,33.175995,5.269461,25.432525951557096,5.799055999999999,15.503100620124025,7.956843999999999,-64.03574,2.360081,0.6068779999999999,38.370086
20146,San Francisco Logueche,3.571428571428571,47.080484,23.250920999999998,15.868263473053892,97.301349,3.2608699999999997,17.553956834532375,21.889055,96.50057055914797,99.10045,-62.68341,0.749625,1.1994,7.2779169999999995
20147,San Francisco Nuxaño,11.538461538461538,55.28169,9.859155,19.834710743801654,53.719007999999995,6.557377,17.5531914893617,7.438016999999999,0.0,33.057851,-65.19185,1.652893,1.652893,9.574468
20148,San Francisco Ozolotepec,7.116104868913857,55.209841,20.40521,7.569721115537849,75.648703,2.235772,24.977085242896425,12.37525,83.2437713727406,52.49501,-54.64406,5.988023999999999,1.397206,20.485792999999997
20149,San Francisco Sola,23.137254901960784,66.350365,13.79562,10.982658959537572,49.80695,13.315926999999999,25.656265477959384,30.694981,1.2552301255230125,27.027027,-61.40364,2.895753,3.088803,41.307578
20150,San Francisco Telixtlahuaca,30.55235903337169,31.236855,3.294942,24.454920447849148,38.057278,4.005113,27.54763279445728,10.510776,1.5654830087819778,8.945969999999999,-64.7317,1.623856,1.9191019999999999,28.305426999999998
20151,San Francisco Teopan,15.625,73.553719,10.330579,3.9603960396039604,43.564356,12.195122,12.179487179487179,11.881188,0.0,2.970297,-65.10788,1.980198,2.970297,5.4487179999999995
20152,San Francisco Tlapancingo,15.0,67.99007399999999,26.178659999999997,10.961538461538462,74.710425,10.441766999999999,20.42875157629256,13.513513999999999,69.58041958041959,26.640926999999998,-59.35172,3.474903,5.405405,10.072816
20153,San Gabriel Mixtepec,16.50485436893204,48.063645,9.306515,17.711598746081506,64.937107,9.197652,25.56008146639511,8.176101,2.016734606307659,7.625786,-63.56736,1.72956,2.515723,12.158859
20154,San Ildefonso Amatlán,7.4074074074074066,64.702271,17.618171,14.434523809523808,71.257485,5.733944999999999,23.057106054100473,9.730539,33.151927437641724,57.185629,-61.45076,2.39521,0.598802,16.960069
20155,San Ildefonso Sola,13.333333333333334,62.191781,12.191780999999999,5.384615384615385,69.111969,5.797101,20.566037735849058,19.691119999999998,1.2909632571996028,60.23166,-63.11164,6.949807,4.633204999999999,50.849056999999995
20156,San Ildefonso Villa Alta,18.298969072164947,55.289491999999996,9.828448999999999,22.0,61.713764999999995,4.887983999999999,16.98577680525164,9.753874,64.09817351598174,6.016407999999999,-62.61646,0.638104,0.820419,39.135165
20157,San Jacinto Amilpas,50.68694798822375,18.921865999999998,2.259095,70.37810737413828,28.747906,3.24702,34.75080290234329,4.061977,7.023972177369271,0.439698,-64.43728,0.188442,0.481575,33.202591
20158,San Jacinto Tlacotepec,13.492063492063492,61.479099999999995,14.340836,20.066889632107024,48.489933,2.9850749999999997,19.14027149321267,18.959732,2.8598665395614873,36.912752,-56.61564,2.348993,0.838926,5.956112999999999
20159,San Jerónimo Coatlán,10.574412532637076,53.498503,11.462019999999999,9.49367088607595,70.126783,6.649395999999999,17.915838901932453,23.771791,2.3412013049318747,49.128367999999995,-63.16244,6.576861999999999,4.120444,15.658299
20160,San Jerónimo Silacayoapilla,3.7037037037037033,62.440419,10.009533,14.19068736141907,29.046563,8.786610999999999,17.774667599720082,1.9955649999999998,0.22156573116691286,15.077605,-61.5894,1.330377,4.878049,21.553534
20161,San Jerónimo Sosola,14.093959731543624,45.603865,6.6666669999999995,17.097170971709716,63.793102999999995,3.562341,26.153846153846157,7.881773,0.9582215408202376,35.344828,-64.09395,3.448276,3.940887,26.666667
20162,San Jerónimo Taviche,9.48905109489051,49.112846,9.226402,8.757637474541752,81.059063,6.896552,20.43010752688172,18.940936999999998,13.223140495867769,27.291242,-64.63352,3.462322,4.684318,25.415445
20163,San Jerónimo Tecóatl,19.00826446280992,57.957682,26.034958999999997,12.307692307692308,88.741722,7.878787999999999,24.613402061855673,15.011038,70.88859416445624,37.748343999999996,-65.24258,1.324503,1.324503,23.081801
20164,San Jorge Nuchita,7.4324324324324325,73.86419099999999,23.155838,2.3166023166023164,49.935483999999995,6.054279999999999,22.341904100069492,6.322581,63.06839186691312,5.548387,-60.20363,1.419355,3.3548389999999997,30.718501
20165,San José Ayuquila,13.372093023255813,54.513273999999996,14.867256999999999,7.641921397379912,49.781659,4.950495,21.731123388581953,4.3668119999999995,0.4560260586319218,16.812227,-63.1998,1.7467249999999999,11.572052,12.031920999999999
20166,San José Chiltepec,24.239864864864867,42.438327,13.240376999999999,11.35483870967742,43.849399999999996,3.277808,23.646673163816782,7.432652,32.563723679349835,21.16196,-64.00278,1.6553069999999999,4.543979,23.465958999999998
20167,San José del Peñasco,6.557377049180328,62.653060999999994,9.52381,28.063943161634104,86.071429,5.707196,15.355979525360633,27.678570999999998,1.9364448857994043,67.5,-64.12213,3.035714,0.714286,18.566775
20168,San José Estancia Grande,15.789473684210526,51.746032,21.904761999999998,27.37226277372263,57.352940999999994,13.541666999999999,33.688699360341154,8.088235,3.506787330316742,12.5,-63.04815,7.3529409999999995,12.5,24.840085
20169,San José Independencia,15.032679738562091,68.835864,28.416486,3.7606837606837606,90.137221,6.685499,22.747199220652703,52.744425,90.4585798816568,77.101201,-64.86814,6.003431,3.6878219999999997,25.452835
20170,San José Lachiguiri,10.507246376811594,59.794193,28.629179999999998,14.317673378076062,98.545861,3.9334339999999997,21.945945945945947,30.089485,95.95732734418866,77.181208,-63.15104,4.809843,2.348993,9.27027
20171,San José Tenango,13.084112149532709,70.20932599999999,32.641253,8.520734474932947,92.758121,10.22349,21.005305780508237,53.362300999999995,94.20603367633302,62.90089,-65.19033,11.793916999999999,2.586385,21.594299
20172,San Juan Achiutla,25.0,46.991403999999996,7.736389999999999,14.482758620689657,46.527778,2.702703,27.205882352941174,6.25,6.78391959798995,22.916667,-62.87538,1.388889,0.694444,15.686274999999998
20173,San Juan Atepec,10.81081081081081,52.457550999999995,6.613047,19.95841995841996,40.0,6.696428999999999,23.335621139327383,23.125,67.45182012847965,8.958333,-63.56189,0.41666699999999995,1.666667,6.177076
20174,Ánimas Trujano,46.78111587982833,24.763813,2.8914969999999998,51.02207686017989,33.962264,3.0206679999999997,30.092186128182618,5.496308,4.786990380210719,0.49220699999999995,-64.46145,0.73831,0.410172,37.949166999999996
20175,San Juan Bautista Atatlahuca,4.57516339869281,59.700094,17.338331999999998,12.40506329113924,34.771574,4.1474649999999995,20.365168539325843,8.883249,32.47422680412371,42.385787,-61.90526,2.284264,1.269036,10.814606999999999
20176,San Juan Bautista Coixtlahuaca,18.2648401826484,46.556886,8.283433,22.22222222222222,58.323353,2.9940119999999997,24.271109428246877,11.736526999999999,6.180847004959939,29.101796,-64.71794,5.7485029999999995,4.790419,23.559632999999998
20177,San Juan Bautista Cuicatlán,22.97872340425532,47.240153,7.785536,13.952745849297573,54.143825,6.2612879999999995,27.13285333859355,16.285069,15.023758972803558,13.769751999999999,-64.7008,0.999678,1.451145,20.704293
20178,San Juan Bautista Guelache,44.015957446808514,26.85646,2.687637,47.56575265808618,34.415220999999995,2.9300569999999997,28.511655708308425,5.595971,6.302652106084243,5.4280919999999995,-63.29975,0.503637,0.615557,37.73162
20179,San Juan Bautista Jayacatlán,10.218978102189782,60.815939,8.349146,28.850855745721272,33.496333,5.474453,18.24464409122322,16.136919,1.1510791366906474,6.6014669999999995,-62.29033,1.7114909999999999,1.7114909999999999,18.382861
20180,San Juan Bautista Lo de Soto,17.058823529411764,44.800951,15.151515,12.916111850865514,39.757411999999995,3.225806,24.18941979522184,6.469003,2.047174009790832,10.916442,-60.81306,1.617251,7.412399,29.863481
20181,San Juan Bautista Suchitepec,19.444444444444446,65.833333,11.388888999999999,3.1055900621118013,58.385093,1.785714,31.567328918322296,9.31677,0.9195402298850575,14.906832,-63.42759,2.484472,6.832298,11.92053
20182,San Juan Bautista Tlacoatzintepec,24.264705882352942,63.598901,28.64011,1.8281535648994516,87.179487,4.545455,15.398886827458256,15.201464999999999,86.59244917715392,96.520147,-64.80205,1.831502,3.479853,20.678587999999998
20183,San Juan Bautista Tlachichilco,13.609467455621301,63.157894999999996,20.158887999999997,6.684491978609626,43.967828,4.59364,21.966101694915256,5.36193,8.832116788321168,8.579088,-59.12786,0.536193,3.217158,26.915253999999997
20184,San Juan Bautista Tuxtepec,36.41727637479348,35.65997,7.113555,40.87309988567557,29.559521,4.944287,31.795650229581714,5.374651999999999,14.36443718768311,4.449454,-63.84618,0.9656079999999999,2.137525,33.503499
20185,San Juan Cacahuatepec,33.29831932773109,40.653472,9.880616,20.426956885726245,55.695142,4.172099,25.78588208971921,11.641541,3.268206039076377,9.463987,-62.85719,1.5912899999999999,5.40201,23.380691
20186,San Juan Cieneguilla,15.909090909090908,56.578947,16.578947,11.046511627906977,26.900585,3.370787,15.267175572519085,7.602339,0.0,7.602339,-61.66972,0.584795,7.602339,9.351144999999999
20187,San Juan Coatzóspam,18.633540372670808,68.005844,26.077429,13.523809523809524,79.654511,7.942238,20.15900056785917,6.525912,87.8682842287695,52.399232,-64.29046,3.646833,4.03071,19.690265
20188,San Juan Colorado,10.13584117032393,57.881696999999996,19.541653999999998,6.116918312040263,86.85027199999999,7.420495,21.958580497450306,24.709077,68.84305724054262,6.4778899999999995,-63.24124,5.934832999999999,4.034135,19.679467
20189,San Juan Comaltepec,5.223880597014925,64.20345499999999,17.274472,24.103299856527975,87.374462,15.805470999999999,16.238767650834404,22.66858,87.73006134969326,76.183644,-63.99214,10.043042,0.286944,14.602053999999999
20190,San Juan Cotzocón,15.913370998116761,54.997166,16.140815,22.747893713545043,54.743694,5.4370449999999995,24.14874551971326,11.586656,47.34618306114698,26.688364999999997,-63.47224,2.489829,2.066721,22.571734
20191,San Juan Chicomezúchil,31.57894736842105,54.741378999999995,3.017241,26.08695652173913,48.913042999999995,0.0,19.256756756756758,19.565217,9.44055944055944,5.4347829999999995,-63.59008,0.0,1.086957,10.135135
20192,San Juan Chilateca,60.12658227848101,33.279483,2.5848139999999997,50.332594235033255,29.268293,0.5464479999999999,24.11300919842313,7.317073,0.9465855307640297,4.43459,-64.26292,0.0,1.330377,41.52431
20193,San Juan del Estado,27.573529411764707,44.555873999999996,5.348615,27.49658002735978,27.086183,2.427184,18.09761311008194,15.868673,0.7142857142857143,10.396716999999999,-62.75723,0.820793,0.957592,45.137156999999995
20194,San Juan del Río,7.377049180327869,60.144273999999996,14.878269,11.963882618510159,46.380089999999996,1.37931,22.667638483965014,1.58371,86.17021276595744,0.9049769999999999,-60.0941,0.452489,0.9049769999999999,39.868804999999995
20195,San Juan Diuxi,14.285714285714285,73.913043,33.937197999999995,3.0690537084398977,78.772379,1.388889,31.060606060606062,16.624041,74.85322896281801,48.59335,-63.36176,1.790281,1.534527,31.060606
20196,San Juan Evangelista Analco,25.0,53.416149,2.795031,44.44444444444444,34.814814999999996,1.9607839999999999,21.375921375921376,13.333333,42.78481012658228,2.962963,-60.26744,0.0,2.222222,15.724815999999999
20197,San Juan Guelavía,21.88679245283019,63.118021999999996,11.204146999999999,9.321175278622087,61.094224999999994,1.6293279999999999,18.43065693430657,9.017223999999999,58.05634694523584,8.409321,-63.16915,1.215805,1.925025,32.177616
20198,San Juan Guichicovi,16.811484699659992,59.76723,28.598813,7.081592258632065,72.963413,6.259067,21.500067177213488,7.063115,67.08601314580535,13.44092,-64.7763,2.7854539999999997,4.7971699999999995,20.280518
20199,San Juan Ihualtepec,5.0,76.253298,29.287599,3.4722222222222223,52.447551999999995,4.225352,20.242914979757085,7.692308,5.894736842105263,26.573427,-62.90783,1.398601,5.594405999999999,21.052632
20200,San Juan Juquila Mixes,8.808290155440414,63.968958,30.118256,13.661710037174721,88.328665,24.704141999999997,20.649208947081288,23.436041,87.98198705319449,25.303455,-64.04641,1.40056,5.4155,22.468269
20201,San Juan Juquila Vijanos,12.88888888888889,61.886503,11.809816,7.6512455516014235,84.285714,3.932584,19.627659574468083,28.571429,88.14229249011858,7.5,-64.31161,1.428571,1.428571,18.56383
20202,San Juan Lachao,11.561866125760648,60.273516,17.54503,23.44322344322344,72.710623,5.578512,23.880270919816475,9.615385,43.53106025221859,13.003663,-61.11871,1.923077,3.113553,8.258685
20203,San Juan Lachigalla,4.545454545454546,59.39192,19.450229,17.087845968712394,67.228916,6.122449,13.227812323346525,20.120482,0.6027727546714888,67.349398,-58.70527,2.048193,5.783132999999999,18.48502
20204,San Juan Lajarcia,6.521739130434782,57.142857,7.551019999999999,19.17808219178082,58.447489,3.5294119999999998,23.34384858044164,14.155251,1.1419249592169658,7.762556999999999,-63.69137,1.3698629999999998,1.3698629999999998,27.602524
20205,San Juan Lalana,8.636092912447886,69.164535,21.713555,7.182566155214587,83.370536,10.216998,17.753259779338016,17.276785999999998,75.50982109345678,43.303571,-64.25148,4.1517859999999995,1.183036,36.046853999999996
20206,San Juan de los Cués,17.02127659574468,53.242321,11.831627,24.099722991689752,64.216366,3.5714289999999997,16.97645600991326,10.957004,28.633217993079583,8.737864,-64.25947,2.357836,4.993065,26.435357
20207,San Juan Mazatlán,10.700389105058365,60.552468999999995,19.860709,6.986899563318777,64.79266299999999,7.267221999999999,18.0380411937789,16.985646,55.37604456824513,38.217703,-62.36288,3.7280699999999998,3.548644,28.299706
20208,San Juan Mixtepec,24.914089347079038,65.619835,30.743802,3.9316239316239314,67.45182,3.930636,25.06534998547778,14.004283,87.69161406672679,60.128479999999996,-56.04186,3.72591,5.695931,42.212938
20209,San Juan Mixtepec,20.0,68.041237,33.608247,1.0,97.0,4.285714,35.09060955518946,26.5,94.86301369863014,7.5,-64.19497,1.5,0.5,17.627677
20210,San Juan Ñumí,12.114989733059549,56.344811,17.69805,10.303752233472304,82.21956999999999,1.639344,21.825740516196085,20.22673,94.53110662506882,90.632458,-61.56508,2.74463,1.312649,23.609907999999997
20211,San Juan Ozolotepec,6.038647342995169,63.860668,18.529269,1.310615989515072,88.451444,7.5,19.495749047200235,20.603675,71.23331214240305,37.401575,-63.52992,5.643045,0.524934,14.218703999999999
20212,San Juan Petlapa,5.211726384364821,77.181208,27.671657,12.679425837320574,97.593261,7.436919,11.292909849213988,27.797833999999998,98.4525447042641,94.464501,-64.50669,1.684717,2.406739,18.543471
20213,San Juan Quiahije,9.635416666666668,68.85180799999999,28.486293,5.955056179775281,66.62870199999999,10.009910999999999,39.93808049535604,9.339407999999999,95.53663570691434,29.726651,-47.66353,2.505695,0.9111619999999999,11.682132
20214,San Juan Quiotepec,17.12707182320442,61.012491999999995,21.761999,13.711151736745887,40.036563,6.709264999999999,21.790457452041316,9.689214,87.91322314049587,11.700182999999999,-58.52949,1.279707,1.645338,7.870143
20215,San Juan Sayultepec,43.28358208955223,31.158237999999997,2.936378,4.219409282700422,39.830507999999995,0.537634,23.76357056694813,8.898304999999999,1.7793594306049825,46.610169,-64.39579,2.1186439999999997,0.42372899999999997,16.040955999999998
20216,San Juan Tabaá,15.0,46.629833999999995,8.397789999999999,13.855421686746988,90.030211,1.6042779999999999,23.92886014551334,27.190331999999998,89.49615713065756,0.6042299999999999,-62.40527,0.0,0.6042299999999999,17.888799
20217,San Juan Tamazola,13.358778625954198,55.500226,13.580805999999999,6.900212314225053,80.641711,1.950585,16.861383012314494,31.336897999999998,44.73601011697755,93.26203199999999,-64.51887,10.695186999999999,3.315508,14.43609
20218,San Juan Teita,17.857142857142858,53.717026,20.383692999999997,4.819277108433735,68.674699,4.819277,11.029411764705882,5.4216869999999995,56.54648956356736,98.795181,-64.10387,2.409639,1.2048189999999999,4.963235
20219,San Juan Teitipac,18.773946360153257,67.743539,16.500994,35.894039735099334,65.11936299999999,4.986877,24.550224887556222,18.435012999999998,10.777733912356888,9.151194,-60.44254,0.9283819999999999,5.7029179999999995,22.113943
20220,San Juan Tepeuxila,4.564315352697095,62.100927,6.900103,4.910179640718563,72.20216599999999,4.068522,14.115898959881129,15.884476999999999,66.90251572327044,21.058965,-64.33327,1.684717,1.083032,12.147103
20221,San Juan Teposcolula,32.69230769230769,47.064057,6.316726,5.56844547563805,67.285383,2.145923,19.143239625167336,9.280742,1.5235457063711912,22.5058,-64.64213,3.712297,3.4802779999999998,21.151272
20222,San Juan Yaeé,12.8,66.001899,9.021842,6.535947712418301,87.93859599999999,3.968254,22.331460674157302,11.842105,95.71220930232558,3.070175,-64.15019,1.535088,1.754386,13.674614
20223,San Juan Yatzona,14.285714285714285,66.025641,7.051282,24.81203007518797,71.212121,0.0,19.545454545454547,1.5151519999999998,97.61904761904762,0.0,-59.47478,0.0,0.0,29.772727
20224,San Juan Yucuita,40.298507462686565,42.829457,1.937984,8.333333333333332,35.9375,0.0,30.48211508553655,5.208333,1.3008130081300813,22.916667,-63.11175,0.520833,3.6458329999999997,18.973561
20225,San Lorenzo,9.01639344262295,58.456685,24.168891,5.413625304136254,90.304878,6.976744,22.83584617990852,18.353659,72.26303529833363,14.817072999999999,-63.20084,5.9146339999999995,9.390244,19.125868
20226,San Lorenzo Albarradas,11.650485436893204,62.590908999999996,9.181818,19.763313609467456,55.976330999999995,4.1666669999999995,15.752271962302256,3.6686389999999998,17.49384019711369,11.715976,-62.39368,1.301775,1.538462,18.142039999999998
20227,San Lorenzo Cacaotepec,43.96718146718147,26.230449,2.195437,50.250852899859524,28.9193,4.71831,25.545052182940825,5.252566,3.7677053824362607,5.3330649999999995,-64.21148,1.187362,1.187362,38.43721
20228,San Lorenzo Cuaunecuiltitla,30.158730158730158,67.04119899999999,26.217228,3.482587064676617,94.5,6.161137,17.79975278121137,9.5,82.68506900878295,28.5,-65.32463,0.5,2.0,10.564226
20229,San Lorenzo Texmelúcan,5.688888888888889,69.611563,25.275519,1.5776699029126213,90.08515799999999,15.827338,16.780897634313508,35.827251,96.214881861996,94.099757,-59.15823,2.858881,1.399027,10.658066999999999
20230,San Lorenzo Victoria,9.58904109589041,64.628821,15.720524,3.1358885017421603,25.874126,4.255319,20.600858369098713,1.398601,2.4858757062146895,2.7972029999999997,-59.656,0.699301,2.447552,40.128755
20231,San Lucas Camotlán,7.900207900207901,61.798753,25.155832999999998,0.6234413965087282,99.25187,8.417508,14.716033887668653,29.301745999999998,97.24892277096453,20.448878,-64.75619,9.600997999999999,3.366584,5.993097
20232,San Lucas Ojitlán,13.318965517241379,52.646497,15.01549,12.740384615384615,77.558982,4.374714,19.04288490216458,29.054430999999997,82.78244183257377,76.630132,-64.88381,5.461638,5.573100999999999,20.513861
20233,San Lucas Quiaviní,7.6190476190476195,75.740072,26.714800999999998,7.207207207207207,78.68480699999999,6.565657,29.53488372093023,15.192744,96.00484261501211,0.907029,-58.03557,0.453515,0.680272,59.767441999999996
20234,San Lucas Zoquiápam,16.89291101055807,62.099494,29.047217999999997,1.88295165394402,95.361876,5.630198,19.074982480728803,31.294597,86.49689073141842,33.944953999999996,-65.21523,4.332314,2.752294,12.843781
20235,San Luis Amatlán,6.79886685552408,60.911094999999996,22.409993,15.187557182067705,71.42857099999999,5.81761,21.254263972710575,7.875458,0.9184525466184247,35.805861,-61.86259,2.014652,3.846154,21.650562
20236,San Marcial Ozolotepec,15.384615384615385,69.08881199999999,26.758938999999998,7.894736842105263,95.0,9.422492,19.39970717423133,27.647059,94.31906614785991,95.0,-63.31113,13.823528999999999,0.8823529999999999,6.122449
20237,San Marcos Arteaga,11.688311688311687,61.676646999999996,10.008554,16.926503340757236,26.116070999999998,4.979253,23.341836734693878,3.348214,2.766531713900135,10.267857,-59.26517,0.223214,0.669643,46.109694
20238,San Martín de los Cansecos,11.11111111111111,45.98338,8.864265999999999,36.904761904761905,54.761905,1.807229,16.498993963782695,14.68254,1.164021164021164,63.095237999999995,-62.90599,1.587302,2.3809519999999997,39.336016
20239,San Martín Huamelúlpam,43.42105263157895,40.0,5.844156,13.953488372093023,58.430232999999994,1.282051,31.3,15.697674,2.2494887525562373,73.255814,-60.64266,2.3255809999999997,0.872093,11.299999999999999
20240,San Martín Itunyoso,13.294797687861271,55.865922,30.446927,5.555555555555555,93.421053,7.233273,25.87800369685767,35.526316,86.52123100895987,95.72368399999999,-63.29136,1.644737,3.289474,28.701345999999997
20241,San Martín Lachilá,19.767441860465116,56.958763,15.335052,13.93188854489164,54.82866,3.2679739999999997,20.986460348162474,12.772585999999999,1.3171225937183384,21.183801,-58.59138,1.246106,1.246106,49.709865
20242,San Martín Peras,5.6998556998557,86.90894399999999,41.664415,4.013810962451446,74.901961,18.738792999999998,20.610748529530255,21.917210999999998,96.70282369146005,36.949891,-55.21648,3.224401,9.498911,27.725956999999998
20243,San Martín Tilcajete,31.25,44.346649,3.9945839999999997,43.0672268907563,45.473684,3.6912749999999996,19.797468354430382,7.789473999999999,1.3262599469496021,39.789474,-62.93002,0.631579,1.263158,43.594936999999994
20244,San Martín Toxpalan,21.1734693877551,49.304029,11.355310999999999,30.16175071360609,59.216809999999995,3.989362,21.428571428571427,13.276027,29.518716577540104,8.787011,-64.43433,2.1967529999999997,4.87106,25.470259
20245,San Martín Zacatepec,3.937007874015748,59.871931999999994,18.676628,1.662049861495845,32.022472,6.9868999999999994,20.304182509505704,4.213483,1.4388489208633095,16.292135,-59.24173,0.280899,3.0898879999999997,28.700906
20246,San Mateo Cajonos,13.461538461538462,60.454544999999996,14.772727,17.77777777777778,80.337079,2.9126209999999997,23.731587561374795,14.044944,76.1986301369863,3.370787,-60.73861,0.0,1.123596,13.09329
20247,Capulálpam de Méndez,57.54189944134078,23.021583,1.6786569999999998,54.285714285714285,24.880383,0.840336,33.22538860103627,3.8277509999999997,11.565495207667732,0.239234,-63.97438,0.0,0.0,21.49475
20248,San Mateo del Mar,13.66742596810934,55.992723999999995,18.868465999999998,9.851205746536685,91.854151,8.101345,14.792215299633888,47.918282999999995,95.99835830084137,26.739074,-65.26927,15.826222,23.920351999999998,15.959154999999999
20249,San Mateo Yoloxochitlán,16.05839416058394,53.980582999999996,16.582524,3.0706243602865912,82.377049,5.742821,25.580788305925346,18.135246,65.18969814455829,15.471311,-65.22986,2.254098,1.8442619999999998,16.653615
20250,San Mateo Etlatongo,26.08695652173913,45.164718,4.994687,35.43307086614173,46.052631999999996,1.666667,21.54963680387409,19.736842,1.7691659646166806,45.789474,-64.50313,0.0,1.5789469999999999,13.640032
20251,San Mateo Nejápam,7.142857142857142,75.857843,22.794117999999997,1.3245033112582782,90.03322299999999,10.729614,19.967132292522596,9.966776999999999,0.7079646017699115,15.282392,-58.93862,1.3289039999999999,5.647841,6.820049
20252,San Mateo Peñasco,25.238095238095237,47.252747,21.367521,9.902597402597403,85.667752,1.0309279999999998,22.049689440993788,22.801302999999997,81.87031318923688,74.42996699999999,-63.66407,4.234528,2.117264,20.763423
20253,San Mateo Piñas,9.146341463414634,70.16722399999999,17.591973,2.02808112324493,92.5,8.181818,18.145761031234507,31.40625,8.33764888658726,75.15625,-63.89427,17.8125,1.875,38.644236
20254,San Mateo Río Hondo,16.1993769470405,56.108202,12.609074999999999,26.390532544378697,71.01096199999999,9.621993,17.09455228553538,12.789280999999999,2.637652489284537,45.310597,-64.54453,4.628502,8.038977,22.045524999999998
20255,San Mateo Sindihui,7.142857142857142,57.275985999999996,22.437276,17.857142857142858,60.0,4.154303,16.590794132524024,12.6,1.553294054633101,25.4,-61.94254,0.6,1.0,20.030348999999998
20256,San Mateo Tlapiltepec,8.0,52.777778,8.333333,14.705882352941178,39.705881999999995,3.225806,19.213973799126638,1.470588,5.0,5.882353,-65.21284,4.411765,2.941176,7.860262
20257,San Melchor Betaza,1.9047619047619049,76.36815899999999,23.756218999999998,13.030303030303031,82.727273,2.484472,14.543726235741444,14.848485,92.97029702970298,6.969697,-64.14908,1.212121,3.636364,17.395436999999998
20258,San Miguel Achiutla,6.521739130434782,58.96488,7.948244,9.163346613545817,63.199999999999996,2.083333,28.653295128939828,21.2,1.9316493313521546,20.4,-64.77122,3.1999999999999997,2.0,25.358165999999997
20259,San Miguel Ahuehuetitlán,10.185185185185185,81.682497,34.599728999999996,12.333965844402277,68.631179,12.702079,12.745098039215685,11.787072,55.76540755467197,13.307984999999999,-61.26171,1.140684,4.372624,14.799253
20260,San Miguel Aloápam,6.83453237410072,62.027708,18.324937,4.545454545454546,32.867132999999995,3.2448379999999997,22.82062984938384,22.202797,95.65427329792371,8.916084,-57.75536,0.5244759999999999,1.748252,24.783203999999998
20261,San Miguel Amatitlán,7.737397420867527,60.862069,19.224138,2.9690461149715732,47.944339,6.109090999999999,17.267743796884016,4.680581999999999,12.316488950703137,32.953827,-62.08683,2.213789,8.791903999999999,18.854587
20262,San Miguel Amatlán,22.916666666666664,54.910097,2.627939,21.993127147766323,27.586206999999998,2.3809519999999997,21.218274111675125,9.310345,13.241525423728815,16.896552,-62.85057,1.034483,1.034483,31.987890999999998
20263,San Miguel Coatlán,8.881578947368421,71.080306,21.271511,12.847222222222221,82.61877199999999,8.815427,14.384422110552764,24.33372,12.718286655683691,50.521437,-62.94402,3.3603709999999998,1.7381229999999999,11.903266
20264,San Miguel Chicahua,25.443786982248522,50.0,22.38292,16.48177496038035,73.726115,1.984127,40.115440115440116,17.675159,72.82818532818533,41.242038,-60.33137,5.095541,2.547771,10.32734
20265,San Miguel Chimalapa,22.05128205128205,56.721458999999996,18.396757,6.1789421651013345,69.42107899999999,4.283054,17.881090746535538,6.927264,34.69492394462485,6.630381,-64.90507,3.6615539999999998,13.656606,20.011920999999997
20266,San Miguel del Puerto,15.934065934065933,60.221174,15.612295,23.61344537815126,73.00717,10.046266,24.558531165945503,15.014762,5.067027425900873,46.773513,-63.4884,5.482919,3.7536899999999997,21.623202
20267,San Miguel del Río,30.0,63.212435,3.108808,11.842105263157894,72.368421,2.5,13.061224489795919,9.210526,67.5,19.736842,-61.72281,1.3157889999999999,0.0,48.979592
20268,San Miguel Ejutla,13.559322033898304,53.178484,10.757945999999999,68.72964169381108,40.983607,1.932367,25.413402959094867,9.508197,3.47985347985348,15.737705,-60.6844,1.639344,7.213114999999999,36.553525
20269,San Miguel el Grande,54.96031746031746,36.5487,11.399937,19.848484848484848,61.796043,1.041667,25.0592697961119,21.917807999999997,50.5615234375,65.2207,-63.91387,4.642314,1.978691,13.239044999999999
20270,San Miguel Huautla,17.647058823529413,58.870968,20.046083,0.5128205128205128,80.719794,2.2727269999999997,27.051177904142975,22.365039,32.43027888446215,94.08740399999999,-64.14215,6.426735,5.398458,5.797101
20271,San Miguel Mixtepec,18.160377358490564,65.43509999999999,21.973748,2.8846153846153846,94.863563,3.724138,12.380649267982177,19.261637,85.3617872624208,92.77688599999999,-63.15419,5.778491,5.29695,18.941765999999998
20272,San Miguel Panixtlahuaca,9.216589861751153,67.754468,24.889924999999998,24.003254678600488,73.24633,8.482439,38.336,22.675366999999998,91.88261541101768,10.603589,-51.60735,2.528548,0.897227,32.101727
20273,San Miguel Peras,14.099216710182768,61.23844,14.354643999999999,30.70776255707763,76.68571399999999,6.884058,18.864420270628816,37.142857,22.647793505412157,82.057143,-63.89082,5.942857,2.742857,21.267678999999998
20274,San Miguel Piedras,17.17171717171717,61.200429,4.930332,9.090909090909092,91.16809099999999,1.865672,10.43956043956044,27.635327999999998,57.28760717069369,97.15099699999999,-64.52132,4.558405,1.424501,17.695783
20275,San Miguel Quetzaltepec,5.88235294117647,68.335589,29.441329999999997,9.10862152946907,95.04902,10.482655,13.32875772134523,15.882353,98.11539576688895,3.2352939999999997,-64.32748,3.8235289999999997,0.735294,19.681580999999998
20276,San Miguel Santa Flor,1.9607843137254901,81.25,42.424242,6.8493150684931505,78.89908299999999,7.407407,23.154848046309695,13.302752,54.77611940298508,53.669725,-64.8298,3.211009,3.211009,9.985528
20277,Villa Sola de Vega,14.661921708185051,62.050863,14.465701999999999,9.313877677739832,60.969545999999994,9.647577,21.62753036437247,35.208203999999995,5.235557083906465,35.36358,-62.63094,4.226227,1.802362,44.672064999999996
20278,San Miguel Soyaltepec,18.14207650273224,54.174976,17.283161,14.395319842716026,70.831729,4.780326,21.13472968413403,16.557565999999998,61.94797338173019,45.619946,-64.80738,2.2237199999999997,6.170580999999999,18.990745
20279,San Miguel Suchixtepec,14.095744680851062,48.10482,15.535798,44.294294294294296,61.445783,3.614458,15.413793103448276,7.078313,56.09492988133765,77.861446,-61.12898,1.355422,0.60241,27.18281
20280,Villa Talea de Castro,25.850340136054424,58.129031999999995,6.645161,23.97743300423131,53.475176999999995,3.1034479999999998,27.697662854301342,12.765957,45.68921011874032,0.567376,-62.7876,0.141844,0.70922,23.669815999999997
20281,San Miguel Tecomatlán,29.411764705882355,53.968253999999995,5.952381,16.23931623931624,31.034482999999998,3.030303,30.16393442622951,0.862069,5.442176870748299,6.034483,-61.76417,0.862069,0.0,30.491802999999997
20282,San Miguel Tenango,4.651162790697675,59.063136,11.405294999999999,12.389380530973451,84.070796,1.886792,19.754977029096477,10.619468999999999,3.349282296650718,6.637168,-64.32581,4.8672569999999995,6.637168,15.926492999999999
20283,San Miguel Tequixtepec,8.974358974358974,57.047872,6.25,6.289308176100629,36.477987,3.8043479999999996,18.103448275862068,7.5471699999999995,0.2997002997002997,5.974843,-65.10975,0.628931,2.830189,11.302681999999999
20284,San Miguel Tilquiápam,9.243697478991598,81.37996199999999,35.160681,44.70246734397678,89.53488399999999,10.060976,26.329194524036932,21.656976999999998,88.79427792915531,40.843022999999995,-64.22386,3.77907,7.703487999999999,43.616682999999995
20285,San Miguel Tlacamama,14.249363867684478,45.703275999999995,14.450866999999999,8.627450980392156,65.94488199999999,4.012346,21.483097055616142,12.303149999999999,21.30534790109258,17.42126,-63.63879,2.559055,9.84252,19.820065
20286,San Miguel Tlacotepec,17.973856209150327,61.498484,20.485058,8.543263964950713,58.830022,4.563492,29.2258064516129,9.713023999999999,12.937181663837011,8.830022,-60.62947,1.87638,2.980132,44.870968
20287,San Miguel Tulancingo,19.047619047619047,56.573705,10.756972,20.388349514563107,50.485437,4.6511629999999995,30.293159609120522,4.854369,11.0,2.9126209999999997,-65.10222,0.9708739999999999,2.9126209999999997,26.384365
20288,San Miguel Yotao,12.5,63.255813999999994,7.674418999999999,1.1173184357541899,91.42857099999999,4.807691999999999,27.56849315068493,20.0,95.58303886925795,8.571429,-65.05502,0.0,2.285714,12.991453
20289,San Nicolás,5.128205128205128,65.177549,16.838487999999998,1.3368983957219251,66.04278099999999,3.030303,23.14662273476112,12.032086,0.34662045060658575,16.31016,-64.05992,1.336898,5.882353,21.993409999999997
20290,San Nicolás Hidalgo,6.666666666666667,63.660833999999994,14.670256,2.6022304832713754,19.330855,6.930693,20.80536912751678,3.717472,0.19960079840319359,5.947954999999999,-59.31386,0.743494,1.858736,30.393096999999997
20291,San Pablo Coatlán,10.775862068965516,58.649646999999995,8.229762,6.170598911070781,71.41560799999999,4.0189129999999995,15.088207985143917,12.885662,1.4910779760449768,27.132486,-63.42724,2.722323,0.635209,12.883008
20292,San Pablo Cuatro Venados,23.456790123456788,53.511375,11.869436,34.39306358381503,86.95652199999999,0.29761899999999997,11.351351351351353,23.188406,8.420320111343075,94.202899,-62.68156,2.6086959999999997,1.4492749999999999,35.165563
20293,San Pablo Etla,52.33550979407333,18.515961,1.657459,60.24930747922438,24.583664,2.568876,30.69573881952992,2.5376689999999997,4.588271042236403,5.7295799999999995,-64.3894,0.455987,0.773196,32.291423
20294,San Pablo Huitzo,42.198100407055634,30.011260999999998,3.1531529999999997,34.68208092485549,32.614413,2.3518339999999998,34.498933901918974,5.68122,2.2486969471332836,21.199369,-62.9883,0.999474,1.472909,37.412935
20295,San Pablo Huixtepec,40.312771503040835,36.575927,6.25834,44.01041666666667,28.944423999999998,5.339486,27.335329341317365,11.152555,1.8221574344023324,8.168593999999999,-61.42515,1.118985,1.193584,45.508981999999996
20296,San Pablo Macuiltianguis,20.77922077922078,58.490565999999994,11.320755,9.446254071661238,38.235293999999996,4.545455,26.004228329809724,4.248366,64.27015250544662,1.9607839999999999,-60.22022,0.326797,0.9803919999999999,6.806283
20297,San Pablo Tijaltepec,14.331210191082802,51.626898,16.973969999999998,11.967213114754099,95.39473699999999,1.76,21.286031042128602,26.151315999999998,96.20689655172414,86.677632,-56.69723,11.677632,6.085526,5.307161
20298,San Pablo Villa de Mitla,20.3240058910162,56.446062,7.758875,22.437137330754354,53.351800999999995,7.6747369999999995,25.31095900493118,12.354571,29.629914595675928,9.750693,-63.92853,1.191136,1.3850419999999999,39.854272
20299,San Pablo Yaganiza,8.411214953271028,59.805116,9.257004,33.126934984520126,64.285714,8.5,18.755555555555556,8.385093,83.64312267657994,1.552795,-61.83714,0.310559,0.931677,14.311110999999999
20300,San Pedro Amuzgos,13.0374479889043,57.339254999999994,17.597293,15.254237288135593,84.491979,6.485188,31.620314389359127,13.68984,76.57314946901252,38.342245999999996,-63.6729,3.315508,3.2085559999999997,25.452351999999998
20301,San Pedro Apóstol,30.344827586206897,48.062655,8.985985,26.87224669603524,44.052862999999995,1.8604649999999998,27.97992471769134,26.211454,2.366863905325444,4.845815,-62.77329,1.7621149999999999,1.321586,20.6399
20302,San Pedro Atoyac,7.427536231884058,64.0,22.890756,3.1277926720285967,92.486583,9.274194,26.893523600439078,19.588551,74.0098429810171,15.384615,-63.99143,2.862254,7.602862,10.572493999999999
20303,San Pedro Cajonos,22.35294117647059,54.938272,8.395062,23.822714681440445,72.222222,2.906977,30.249768732654946,22.777777999999998,79.72841901066926,4.1666669999999995,-63.24009,0.0,2.777778,38.205365
20304,San Pedro Coxcaltepec Cántaros,20.634920634920633,58.845437999999994,8.566108,0.4329004329004329,79.65368,3.389831,13.8268156424581,18.614719,7.55813953488372,57.575758,-64.73365,1.2987009999999999,1.7316019999999999,17.318436
20305,San Pedro Comitancillo,60.449438202247194,25.55457,6.506951,39.8186889818689,29.120112,1.284109,31.202400184629585,3.002793,42.53447456015216,2.793296,-64.8175,1.396648,2.2346369999999998,9.231479
20306,San Pedro el Alto,6.309751434034416,71.621622,23.513514,7.907907907907907,90.29029,9.032847,12.827675118177911,21.121121,70.98326839330736,26.726727,-60.72086,5.605606,1.1011009999999999,14.589599999999999
20307,San Pedro Huamelula,20.994475138121548,49.369218,10.751332,21.77133655394525,67.270375,5.481928,23.528805524064722,8.538162999999999,16.366188060023752,98.059508,-64.69616,3.589909,5.692108999999999,20.534155
20308,San Pedro Huilotepec,20.481927710843372,45.535336,9.987304,28.423475258918295,48.791714999999996,4.078014,23.52585424856365,19.90794,43.734096692111954,4.2577679999999996,-64.68479,2.0713459999999997,5.98389,16.964016
20309,San Pedro Ixcatlán,11.11111111111111,63.472527,21.728938,4.677137870855148,84.724187,6.284153,18.470277152090883,30.657708999999997,82.8788970058648,64.922207,-65.1508,3.2885429999999998,3.394625,14.583333
20310,San Pedro Ixtlahuaca,25.438596491228072,40.696051,5.4646989999999995,18.078791149487316,53.846154,5.285714,28.393704034641555,18.12026,16.889243721875456,22.453954,-63.47362,7.258938,1.7605629999999999,39.039307
20311,San Pedro Jaltepetongo,17.391304347826086,58.543417,26.05042,23.60248447204969,55.279503,9.459458999999999,19.047619047619047,49.068323,81.89655172413794,1.863354,-65.09607,0.621118,2.484472,2.484472
20312,San Pedro Jicayán,17.326297273526826,53.384678,19.429807,17.094017094017094,94.52717799999999,4.0136639999999995,26.08387268374856,16.381235999999998,86.92015209125475,11.690246,-63.81403,2.494415,5.770663,25.711499
20313,San Pedro Jocotipac,23.728813559322035,59.798995,25.293132,17.037037037037038,76.20817799999999,1.2987009999999999,13.835616438356164,20.074348999999998,59.887005649717516,53.903346,-65.06747,1.858736,0.0,5.616438
20314,San Pedro Juchatengo,15.819209039548024,58.748115,8.672699999999999,11.359026369168356,54.825461999999995,2.973978,20.34188034188034,12.114989999999999,1.7825311942959003,6.3655029999999995,-62.93889,0.821355,3.080082,53.162392999999994
20315,San Pedro Mártir,18.70967741935484,59.866961999999994,9.756098,7.739307535641547,57.346939,1.492537,26.856240126382307,62.040816,46.18362831858407,88.77551,-60.78409,0.8163269999999999,4.081633,51.500789999999995
20316,San Pedro Mártir Quiechapa,25.233644859813083,42.086957,3.826087,30.59360730593607,72.81106,1.9047619999999998,21.7753120665742,21.658986,23.876404494382022,59.447005,-62.48309,3.225806,2.764977,17.479675
20317,San Pedro Mártir Yucuxaco,26.548672566371685,50.89568,4.109589,15.31322505800464,61.716936999999994,5.851064,25.29832935560859,16.473318,1.3456686291000841,69.60556799999999,-62.06957,4.408353,2.784223,56.881463999999994
20318,San Pedro Mixtepec,21.16345467523198,39.429493,8.14335,39.51717200747234,42.919326999999996,5.6956679999999995,29.501176186742263,23.890017,3.9321183250749634,2.74231,-63.77342,1.72664,2.089379,33.591803999999996
20319,San Pedro Mixtepec,22.340425531914892,52.932961,17.597765,4.984423676012461,94.080997,0.591716,17.59259259259259,24.299065,94.54545454545455,7.165108999999999,-65.11268,2.492212,2.803738,20.884774
20320,San Pedro Molinos,22.807017543859647,47.528517,14.068441,17.699115044247787,72.12389399999999,1.754386,25.77903682719547,19.469027,65.18518518518519,27.876106,-63.50167,1.327434,3.097345,26.203965999999998
20321,San Pedro Nopala,9.090909090909092,55.238094999999994,15.238095,2.4875621890547266,52.0,6.474819999999999,21.171770972037287,11.5,0.14104372355430184,12.5,-63.94197,1.0,5.0,25.033289
20322,San Pedro Ocopetatillo,9.67741935483871,72.125436,36.41115,3.6734693877551026,89.795918,7.971013999999999,30.15267175572519,24.081633,89.31909212283044,39.591837,-64.83318774193549,1.2244899999999999,2.040816,9.923663999999999
20323,San Pedro Ocotepec,11.25,54.711425,19.375736,5.575539568345324,95.143885,4.761905,15.72379367720466,10.971223,96.93922168780061,26.079137,-64.92556,2.517986,0.719424,1.039933
20324,San Pedro Pochutla,22.865437158469945,45.370315999999995,12.253662,28.98562112045258,59.263939,6.013602,30.21826262122817,14.776496999999999,7.426331321851738,10.748697,-63.3851,3.3012159999999997,2.9063339999999998,38.700108
20325,San Pedro Quiatoni,5.0068587105624145,71.516734,20.626632,3.761555626394644,75.387597,8.789625,11.936295054484493,22.900517,96.31447438872033,14.599483,-62.67926,3.940568,3.488372,21.525565999999998
20326,San Pedro Sochiápam,11.022044088176353,65.41769,23.464373,2.312138728323699,75.993377,5.666957,17.399049881235154,12.831126,93.80549682875264,60.761589,-62.91332,3.7251659999999998,2.1523179999999997,25.178147
20327,San Pedro Tapanatepec,16.07267645003494,52.889651,14.168322,15.961411971058977,38.379101999999996,8.92789,27.877651319192964,7.524000999999999,3.798070389998641,4.197365,-64.16667,1.9423979999999998,4.509935,30.738419999999998
20328,San Pedro Taviche,2.9268292682926833,56.499488,11.566018,10.027855153203342,74.651811,7.806691,10.47883414295628,16.43454,0.0,49.860724,-64.97006,1.392758,3.0640669999999997,22.206801
20329,San Pedro Teozacoalco,13.978494623655912,53.964496999999994,11.715976,10.0,63.688761,4.1666669999999995,17.192982456140353,27.953889999999998,1.8115942028985508,45.533141,-64.55598,3.7463979999999997,2.0172909999999997,32.437121
20330,San Pedro Teutila,9.072978303747535,61.832564,14.370467999999999,34.215017064846414,66.75213699999999,5.875,16.201117318435752,9.57265,19.567354965585054,65.726496,-64.14056,2.905983,1.794872,12.709496999999999
20331,San Pedro Tidaá,27.142857142857142,60.138889,19.444444,12.048192771084338,63.141994,1.666667,22.127659574468083,14.199396,36.78646934460888,40.181269,-64.55432,2.114804,1.5105739999999999,13.849286999999999
20332,San Pedro Topiltepec,21.875,66.006601,4.620462,24.427480916030532,48.854962,2.564103,23.86058981233244,8.396946999999999,1.971830985915493,7.633588,-64.57796,0.763359,1.526718,13.941018999999999
20333,San Pedro Totolápam,18.96551724137931,48.115477,7.939054,28.299894403379096,32.377919,5.3811659999999994,25.622665006226654,10.084926,9.675345548055288,9.447982999999999,-63.42233,1.380042,1.1677279999999999,28.233151
20334,Villa de Tututepec,16.974037600716205,53.105736,13.006219999999999,21.232138042599082,49.399226,6.825397,27.795178812148123,10.040052,6.697517353511351,10.847871999999999,-62.1872,2.179078,4.846921,23.762885999999998
20335,San Pedro Yaneri,30.275229357798167,61.066235999999996,14.216477999999999,1.984126984126984,85.714286,4.519774,28.835063437139564,25.0,95.35714285714286,13.888888999999999,-63.37869,0.793651,1.1904759999999999,9.919262
20336,San Pedro Yólox,14.925373134328357,66.379984,20.719312,26.57200811359026,19.308943,1.7605629999999999,21.811680572109655,7.113821,86.82598039215686,9.552845999999999,-54.94262,0.813008,0.609756,5.539187
20337,San Pedro y San Pablo Ayutla,18.02469135802469,64.718002,35.822817,10.186335403726709,76.57430699999999,9.074573,34.23041474654378,34.886649999999996,82.43700639338097,19.395466,-64.95564,4.282115999999999,3.5894209999999998,27.492877
20338,Villa de Etla,39.00955690703736,28.225185999999997,3.218774,53.04832713754647,30.339173,3.9974619999999996,37.279572022983956,5.367126,9.484243591042658,5.739843,-63.80397,1.229966,0.670891,36.965544
20339,San Pedro y San Pablo Teposcolula,42.14123006833713,37.267658,3.593556,21.434392828035858,40.686274999999995,1.923077,27.134287032764192,6.29085,2.875090601594588,18.79085,-64.37855,1.879085,1.388889,19.894326
20340,San Pedro y San Pablo Tequixtepec,21.323529411764707,54.726368,8.528785,3.2,56.280587,8.071749,30.22323983972524,9.624796,17.200474495848162,9.624796,-63.94,3.425775,4.567699999999999,20.606754
20341,San Pedro Yucunama,27.586206896551722,51.595745,3.723404,1.36986301369863,39.726026999999995,0.0,16.182572614107883,16.438356,0.43103448275862066,13.69863,-65.2153,6.849315,6.849315,19.502074999999998
20342,San Raymundo Jalpan,46.496815286624205,24.338451,1.894806,54.22153369481022,40.666149999999995,2.121212,29.91473812423873,9.217661,6.000508517670989,5.189775,-64.53405,0.852053,0.929512,29.208282999999998
20343,San Sebastián Abasolo,19.473684210526315,58.477287,3.454894,18.661971830985916,43.309858999999996,4.693141,19.459729864932466,10.035211,24.28645563051375,41.373239,-62.39994,1.7605629999999999,1.93662,43.021511
20344,San Sebastián Coatlán,7.380073800738007,56.487753999999995,10.838979,13.985148514851486,82.05445499999999,4.0776699999999995,16.87433250266999,9.158415999999999,1.1363636363636365,30.693068999999998,-64.02482,1.980198,3.217822,18.618726
20345,San Sebastián Ixcapa,24.878048780487806,48.127089999999995,14.214046999999999,10.699588477366255,54.132231,5.371900999999999,23.66284622731614,9.338842999999999,7.525252525252525,15.289256,-63.16809,1.487603,4.628099,22.13467
20346,San Sebastián Nicananduta,13.675213675213676,51.831993,19.213584,7.6604554865424435,41.580042,0.380228,19.00129701686122,9.56341,49.555707450444295,2.494802,-59.88998,0.8316009999999999,2.494802,16.212711
20347,San Sebastián Río Hondo,9.926470588235293,49.831989,8.467742,24.65483234714004,73.584906,4.036458,12.351261304140886,11.519364,8.833124215809285,87.288977,-63.11027,1.787488,1.092354,22.203713
20348,San Sebastián Tecomaxtlahuaca,16.972477064220186,62.036882999999996,18.292075,9.573542210617928,63.199647,5.064248,28.857421875,18.422212,27.37071731040678,18.642574,-61.74168,2.732481,5.288673,33.032227
20349,San Sebastián Teitipac,20.26431718061674,56.644617999999994,10.583283,41.53605015673981,55.433071,6.191949999999999,27.683873915029693,12.598424999999999,23.402210475732822,39.527559,-59.2187,2.362205,1.732283,54.499772
20350,San Sebastián Tutla,57.15715715715716,12.831366,1.106408,76.13275039745628,24.169484999999998,5.953532999999999,34.86195046806493,2.3672169999999997,5.407735895540774,0.27849599999999997,-64.78547,0.039785,0.179033,30.056879
20351,San Simón Almolongas,10.583941605839415,66.830467,19.85258,5.959475566150179,71.599045,5.458514999999999,22.901036084315827,7.5179,0.8280015054572827,46.420048,-58.80765,2.625298,1.551313,29.942898
20352,San Simón Zahuatlán,3.501945525291829,79.593909,38.510998,0.33557046979865773,92.449664,23.292469,8.502024291497975,2.181208,96.67994687915007,25.33557,-64.44396,1.677852,12.919462999999999,63.157894999999996
20353,Santa Ana,4.56140350877193,54.961377999999996,14.438502999999999,31.239935587761675,72.653722,4.398148,16.50687786577741,10.679611999999999,0.6172839506172839,38.511327,-59.48328,2.2653719999999997,1.1326859999999999,30.798005
20354,Santa Ana Ateixtlahuaca,11.76470588235294,68.245125,33.426184,13.380281690140844,95.744681,9.210526,22.641509433962266,17.730496,90.10989010989012,48.93617,-65.26023,3.546099,0.70922,83.85744199999999
20355,Santa Ana Cuauhtémoc,9.433962264150944,70.09900999999999,22.178217999999998,8.15450643776824,80.686695,0.900901,21.879588839941263,9.871245,42.68292682926829,44.206008999999995,-65.13292,2.145923,3.004292,8.370044
20356,Santa Ana del Valle,13.131313131313133,68.22316599999999,6.185567,19.767441860465116,71.38103199999999,10.802469,20.073834794646977,11.813644,69.72609322441134,5.823627,-56.43811,0.665557,3.1613979999999997,61.909133
20357,Santa Ana Tavela,23.076923076923077,58.059914,7.703281,2.6022304832713754,81.040892,13.414634,20.400943396226413,14.869888,1.7177914110429449,52.416357,-64.83241,2.973978,0.743494,21.108491
20358,Santa Ana Tlapacoyan,20.26143790849673,61.322644999999994,14.89646,6.016260162601626,43.414634,9.090909,22.93156281920327,11.707317,0.7446808510638299,26.829268,-59.98101,2.1138209999999997,2.1138209999999997,44.841674999999995
20359,Santa Ana Yareni,14.285714285714285,75.422139,18.011257,9.82905982905983,69.957082,0.0,22.29199372056515,37.76824,94.66882067851373,51.072961,-58.37909,0.429185,1.7167379999999999,24.489796
20360,Santa Ana Zegache,15.466666666666667,49.866130999999996,13.319946,19.55593509820666,58.290597999999996,5.32646,26.325043958804322,17.435897,24.763157894736842,64.188034,-63.26827,1.538462,4.273504,42.326049
20361,Santa Catalina Quierí,8.536585365853659,67.045455,18.993506,1.5873015873015872,92.46031699999999,5.072464,23.272727272727273,17.857143,97.4937343358396,36.507937,-63.53818,5.555556,3.174603,11.636363999999999
20362,Santa Catarina Cuixtla,19.68503937007874,58.369471,11.361665,36.0919540229885,53.686636,4.4642859999999995,20.80267558528428,11.520736999999999,14.166666666666666,8.525345999999999,-64.84693,3.225806,0.460829,35.183946
20363,Santa Catarina Ixtepeji,21.58730158730159,49.194728999999995,2.196193,14.119170984455959,39.507771999999996,2.2792019999999997,15.289719626168225,14.507772,4.40251572327044,23.704663,-64.55098,0.906736,1.0362689999999999,40.71028
20364,Santa Catarina Juquila,14.037494284407865,57.014218,15.268562,17.103416003743565,63.352138999999994,7.075874,28.25898657427458,18.594264,32.39404613112146,27.056887999999997,-62.5981,2.233192,1.2223789999999999,24.670312
20365,Santa Catarina Lachatao,16.666666666666664,48.957055,3.6809819999999998,15.81769436997319,39.142091,1.25,21.34088762983947,16.621983999999998,40.29268292682927,31.903485,-62.84942,1.876676,2.144772,19.735599999999998
20366,Santa Catarina Loxicha,11.295681063122924,68.265525,17.473233,5.56792873051225,79.487179,8.574739,17.60371179039301,18.84058,8.032360589425021,29.208472999999998,-62.0091,3.790412,1.22631,33.433079
20367,Santa Catarina Mechoacán,9.94475138121547,62.361402,18.189991,12.793733681462141,91.204925,7.722512999999999,16.564818856394588,13.368514,89.04552807950081,8.883026,-64.11377,1.9349159999999999,7.915566999999999,22.675687
20368,Santa Catarina Minas,18.51851851851852,48.850952,11.16218,41.92377495462795,52.545455,6.501548,32.075471698113205,13.636363999999999,0.8713480266529985,65.454545,-61.67509,0.909091,2.363636,25.689404999999997
20369,Santa Catarina Quiané,32.48730964467005,44.939023999999996,8.536584999999999,29.98477929984779,32.824427,3.067485,32.14774281805746,16.946565,1.4306151645207439,11.29771,-62.01893,1.068702,1.679389,13.269494
20370,Santa Catarina Tayata,35.41666666666667,36.291913,4.142012,14.903846153846153,39.613527,2.105263,28.851963746223564,15.458936999999999,10.317460317460316,64.73429999999999,-64.71731,2.415459,0.48309199999999997,20.241692
20371,Santa Catarina Ticuá,19.11764705882353,50.332004999999995,21.646746,10.795454545454545,80.05698,1.4492749999999999,32.06185567010309,16.524217,57.70042194092827,54.131054,-64.6046,3.418803,4.843305,22.312372999999997
20372,Santa Catarina Yosonotú,30.693069306930692,57.859209,35.39055,4.366812227074235,91.422122,2.7472529999999997,28.674121405750796,9.932279999999999,80.76622361219702,62.528217,-63.75365,2.257336,3.611738,5.243161
20373,Santa Catarina Zapoquila,3.125,46.905536999999995,11.726384,1.574803149606299,42.857143,3.448276,18.36228287841191,21.428570999999998,0.5194805194805194,2.3809519999999997,-64.06688,3.968254,1.587302,10.173696999999999
20374,Santa Cruz Acatepec,7.2727272727272725,57.620818,21.375465,2.6066350710900474,95.023697,9.604519999999999,26.200607902735563,44.075829,83.10767246937459,44.549763,-65.31686,2.8436019999999997,1.4218009999999999,11.306991
20375,Santa Cruz Amilpas,42.797369994022716,23.615865,2.65754,56.50349650349651,36.707796,3.846154,33.62442098868555,4.963545,15.930121250797702,1.037577,-64.23986,0.308469,0.308469,32.636364
20376,Santa Cruz de Bravo,14.285714285714285,61.567164,20.895522,4.0,33.0,0.0,30.958904109589042,5.0,1.729106628242075,11.0,-60.73803,1.0,5.0,3.835616
20377,Santa Cruz Itundujia,20.621225194132872,52.337818,10.843212999999999,20.601001669449083,64.276139,4.674221,20.3632005899705,22.453083,10.217771728563095,72.218499,-62.525,6.668901,1.474531,9.558010999999999
20378,Santa Cruz Mixtepec,18.67612293144208,52.187028999999995,8.974359,11.76470588235294,57.791537999999996,4.148148,24.91935483870968,15.479875999999999,24.78849407783418,43.343652999999996,-62.10441,2.063983,2.786378,28.360215
20379,Santa Cruz Nundaco,22.151898734177212,49.825086999999996,13.193403,8.16326530612245,76.982097,1.4729949999999998,31.48148148148148,26.854219999999998,79.77085571070533,76.086957,-61.25924,2.685422,1.662404,24.60183
20380,Santa Cruz Papalutla,28.000000000000004,55.581948,7.83848,24.496124031007753,47.670806999999996,2.0771509999999997,18.55486173059768,8.229814,25.558659217877093,53.416149,-61.60888,0.310559,2.639752,23.773417
20381,Santa Cruz Tacache de Mina,11.842105263157894,60.495627,9.52381,2.275600505689001,18.227847999999998,4.597701,22.482993197278912,2.025316,0.1443001443001443,6.075949,-57.84081,0.253165,2.025316,17.517007
20382,Santa Cruz Tacahua,8.870967741935484,54.308389999999996,11.791383,28.693181818181817,77.492877,3.431373,14.700854700854702,9.97151,33.8339222614841,75.783476,-61.75698,2.564103,1.1396009999999999,6.76819
20383,Santa Cruz Tayata,11.11111111111111,48.283753,4.3478259999999995,4.519774011299435,47.457626999999995,10.989011,12.773109243697478,27.118644,0.5291005291005291,60.451977,-63.70061,1.129944,0.564972,13.94958
20384,Santa Cruz Xitla,7.276119402985075,72.636966,16.496087,10.11433597185576,80.98591499999999,6.64488,20.25448477263246,24.471830999999998,58.85347498893315,36.883803,-60.60349,1.408451,1.232394,28.473091
20385,Santa Cruz Xoxocotlán,45.87980422049266,23.574165,3.093562,59.033384246127,38.429029,3.80755,33.63630927465168,8.649082,9.481634483981681,2.8162339999999997,-63.75363,0.910813,0.998251,37.558017
20386,Santa Cruz Zenzontepec,10.04491629236423,64.560616,24.575048,12.774049217002236,88.637382,7.215761,14.10060574137477,42.649035999999995,68.23142888963136,77.319588,-61.34333,4.2357689999999995,0.76199,4.402746
20387,Santa Gertrudis,27.659574468085108,51.753986,13.940774,23.50835322195704,30.429593999999998,6.971678,27.94880664130059,5.847255,0.5376344086021506,5.966587,-60.18945,0.238663,2.863962,27.326185
20388,Santa Inés del Monte,8.379888268156424,62.533547999999996,14.600107,13.530326594090203,85.669782,5.025126,24.955500177999287,15.732087,0.9402030838661152,70.560748,-62.06289,5.2959499999999995,2.959502,24.8843
20389,Santa Inés Yatzeche,5.932203389830509,73.83177599999999,29.506007999999998,5.194805194805195,66.666667,19.230769,28.083700440528638,17.748918,96.78899082568807,2.597403,-63.19214,0.4329,0.0,4.515419
20390,Santa Lucía del Camino,47.04503599531224,20.300386,2.417931,70.79739112139701,38.387958999999995,4.377774,35.104980221117756,3.010269,12.21162655117848,0.38683399999999996,-64.15073,0.1688,0.7173999999999999,35.032365999999996
20391,Santa Lucía Miahuatlán,6.6473988439306355,75.277778,34.305555999999996,5.231143552311435,98.53479899999999,8.364084,14.875296912114013,29.67033,97.48348537275872,86.813187,-63.51602,5.616606,1.3431009999999999,20.651851999999998
20392,Santa Lucía Monteverde,30.030959752321984,56.142196,20.067311999999998,8.439490445859873,91.011236,3.9719629999999997,19.177441969154074,28.838950999999998,53.674972574831536,87.74745899999999,-64.03472,6.206528,2.9962549999999997,9.262563
20393,Santa Lucía Ocotlán,10.44776119402985,70.311987,16.223316999999998,34.56669912366115,57.448879999999996,9.81241,18.931224538701173,15.968841,76.90169320192065,43.914314,-61.19788,0.778968,1.071081,15.097052
20394,Santa María Alotepec,27.2108843537415,49.38447,13.020833,6.30407911001236,86.724566,3.002309,17.470760233918128,16.129032,93.23671497584542,31.265508999999998,-63.89041,2.4813899999999998,1.3647639999999999,17.811159
20395,Santa María Apazco,28.799999999999997,66.22734799999999,35.502471,1.185770750988142,71.371769,1.286174,28.780177890724268,20.675943999999998,79.4580970384373,90.656064,-63.49606,5.964214999999999,5.367793,21.608349
20396,Santa María la Asunción,13.013698630136986,76.257723,49.779346999999994,6.362672322375397,94.629431,11.872145999999999,34.33158382216733,15.252417,91.19254259080681,38.345864999999996,-65.27835,2.685285,4.511278,13.439705
20397,Heroica Ciudad de Tlaxiaco,35.26459854014598,31.409762999999998,6.7441699999999996,27.58588146470366,49.058398,3.7929049999999997,30.897134570185532,17.186608,25.441482222280708,33.241392,-63.96647,1.43618,1.1793799999999999,39.712883
20398,Ayoquezco de Aldama,15.904572564612327,62.890519,15.267589999999998,16.075307748008687,37.97654,8.389716,22.855970455478047,12.243402,7.014157014157014,32.991202,-58.66101,1.0263929999999999,2.346041,25.543701
20399,Santa María Atzompa,40.86107235399641,26.856769999999997,3.5685189999999998,51.473563825107775,40.849788,4.5749699999999995,31.2673031026253,8.295134,12.553861660577045,4.769041,-64.44718,1.9393509999999998,0.9432299999999999,39.583979
20400,Santa María Camotlán,25.71428571428571,56.985870999999996,9.576138,6.415094339622642,38.519923999999996,3.819444,24.810274372446,3.6053129999999998,0.4229607250755287,7.400379999999999,-60.49512,2.466793,5.502846,19.206070999999998
20401,Santa María Colotepec,16.810493614083537,43.281763,9.213733,26.063003249046474,50.305527999999995,9.156379,25.30356878424404,9.492682,7.8117018350426335,5.570556,-63.88252,2.998437,2.259486,32.030615
20402,Santa María Cortijo,13.043478260869565,54.729729999999996,15.135135,13.496932515337424,43.865030999999995,4.0201009999999995,23.430178069353328,7.361962999999999,4.581673306772909,12.576687,-61.45856,2.760736,11.656442,25.679475
20403,Santa María Coyotepec,36.38497652582159,32.43929,3.153316,31.69601482854495,47.064305999999995,5.0,25.40655825113303,4.566636,7.625698324022347,2.423113,-64.70216,1.39795,1.2115559999999999,39.322846999999996
20404,Santa María Chachoápam,38.333333333333336,44.281045999999996,3.921569,4.4534412955465585,38.461538,6.25,17.871222076215506,4.453441,1.7615176151761516,16.194332,-63.35977,0.0,2.024291,27.069644999999998
20405,Villa de Chilapa de Díaz,25.0,63.973313999999995,11.119347999999999,19.141323792486585,27.370303999999997,7.594937,29.09090909090909,8.765653,11.832280298678919,1.7889089999999999,-60.3159,0.894454,1.252236,18.4573
20406,Santa María Chilchotla,10.8,69.808318,28.752335,6.831524639743818,92.335116,8.66578,17.65889731348872,43.582888,89.68010300089135,80.802139,-65.05477,6.506239,1.97861,17.164282999999998
20407,Santa María Chimalapa,9.876543209876543,63.136095,21.538462,11.127933383800151,75.03787899999999,9.381373,22.395072040091875,11.55303,44.75800761958516,13.068182,-64.08091,2.5,26.25,22.238463
20408,Santa María del Rosario,41.17647058823529,49.722221999999995,6.111110999999999,6.25,60.416667,1.123596,19.639278557114228,12.5,13.626834381551362,76.38888899999999,-63.7045,2.083333,3.472222,24.448898
20409,Santa María del Tule,46.635730858468676,22.03536,1.710507,62.160062160062154,23.744647999999998,5.26749,33.24375769790617,4.632153,6.230274693161894,0.661736,-64.67664,0.194628,0.46710799999999997,29.567065999999997
20410,Santa María Ecatepec,11.046511627906977,52.676296,5.862362,13.534675615212526,64.606742,5.2708639999999995,13.134328358208954,10.0,37.69325912183055,4.2696629999999995,-64.70595,2.58427,2.47191,13.897015999999999
20411,Santa María Guelacé,31.372549019607842,45.633803,2.8169009999999997,23.50597609561753,49.40239,2.5,24.669603524229075,12.749004,14.742857142857144,17.52988,-62.9845,0.796813,1.9920319999999998,47.687225
20412,Santa María Guienagati,12.797619047619047,61.538461999999996,13.240093,25.971143174250834,73.971079,5.928236999999999,16.287160025300444,15.239154999999998,25.5,15.906562999999998,-62.65508,6.117909,9.566184999999999,24.795469
20413,Santa María Huatulco,24.291621994179813,34.569915,6.448593,45.73010015814444,47.213201999999995,5.754614999999999,29.44012011537398,10.265756999999999,4.553440400157086,4.612632,-64.13762,2.458745,1.358606,32.000315
20414,Santa María Huazolotitlán,11.47244805781391,53.315619,17.271257,20.54718034617532,54.507279,4.180682,22.492705293872447,6.746919999999999,28.32512315270936,7.446809,-62.35367,1.9596859999999998,5.683091,28.211755
20415,Santa María Ipalapa,8.598130841121495,63.340304999999994,15.954585999999999,5.108359133126935,54.390054,5.464481,26.09676096760968,6.604507,15.038084874863983,2.8749029999999998,-57.78226,1.631702,2.564103,18.819188
20416,Santa María Ixcatlán,5.714285714285714,55.091384,18.015666,16.56441717791411,80.368098,0.0,21.25813449023861,29.447853,5.405405405405405,0.0,-64.83318774193549,0.613497,0.613497,77.87418699999999
20417,Santa María Jacatepec,21.101871101871104,53.75127,16.13699,14.094728800611152,59.661929,3.736135,26.079322454038422,12.447175999999999,58.223972003499554,26.661544,-63.60142,1.1525159999999999,1.844026,19.562074
20418,Santa María Jalapa del Marqués,39.48306595365419,38.883837,9.877245,37.12541620421754,47.921897,4.038772,27.704373028727304,10.013947,4.248307801923762,3.4309619999999996,-63.65393,2.92887,3.34728,24.831699999999998
20419,Santa María Jaltianguis,39.58333333333333,51.569506999999994,2.017937,43.18181818181818,32.386364,3.488372,25.675675675675674,10.795454999999999,46.54867256637168,3.977273,-60.72779,1.136364,0.568182,14.358108
20420,Santa María Lachixío,16.425120772946862,53.484320999999994,22.996516,5.472636815920398,76.070529,5.792682999999999,20.570388349514563,27.20403,90.29615626969124,62.216625,-64.22579,4.030227,0.755668,8.159619
20421,Santa María Mixtequilla,40.33018867924528,38.918614,7.800619999999999,30.810092961487385,34.48966,2.670623,25.05330490405117,7.271514,1.582349008246044,2.9352899999999997,-64.63088,1.667779,3.002001,14.157783
20422,Santa María Nativitas,35.84905660377358,43.870968,9.247311999999999,4.060913705583756,68.877551,1.136364,25.632377740303543,3.0612239999999997,29.82758620689655,36.224489999999996,-64.21115,1.5306119999999999,3.0612239999999997,20.895522
20423,Santa María Nduayaco,31.03448275862069,62.666667,7.199999999999999,6.164383561643835,60.689654999999995,0.0,24.390243902439025,18.62069,1.3574660633484164,28.965517,-64.90564,3.448276,2.068966,22.516555999999998
20424,Santa María Ozolotepec,7.142857142857142,63.305979,18.640093999999998,7.826982492276004,86.466942,5.7544759999999995,16.574294008973347,21.590909,21.34453781512605,68.90495899999999,-63.9353,3.202479,1.342975,24.097020999999998
20425,Santa María Pápalo,10.843373493975903,59.156785,17.061923999999998,2.8391167192429023,92.101106,1.129944,15.2089407191448,15.481833,87.34693877551021,25.750394999999997,-64.82423,2.21169,0.789889,15.986395
20426,Santa María Peñoles,10.11433597185576,55.369357,15.509576,4.964953271028037,91.569087,4.232534,15.966101694915254,27.9274,88.80579297245964,97.248244,-64.48228,7.435597,3.1030439999999997,23.06234
20427,Santa María Petapa,24.90092470277411,44.92649,11.211329,20.315661675435045,52.856564,4.044118,27.879549808429115,4.47731,24.060517325524646,2.876823,-64.89835,1.2358179999999999,12.905185999999999,34.706094
20428,Santa María Quiegolani,21.323529411764707,52.173913,19.915848999999998,4.143126177024483,68.05293,3.9748949999999996,10.24436090225564,15.500945,86.5859564164649,6.805293,-65.16432,3.780718,6.238185,7.553957
20429,Santa María Sola,13.636363636363635,61.79078,15.602837,12.984054669703873,55.707763,4.065041,19.656992084432716,18.26484,3.2571032571032568,62.100457,-58.90248,3.424658,2.968037,50.395778
20430,Santa María Tataltepec,37.5,43.798449999999995,11.24031,17.391304347826086,64.13043499999999,0.0,27.129337539432175,19.565217,12.37785016286645,3.2608699999999997,-64.83318774193549,1.086957,1.086957,18.611987
20431,Santa María Tecomavaca,25.510204081632654,40.946045999999996,6.947524,46.913580246913575,46.804123999999995,3.0405409999999997,25.573770491803277,14.639175,15.442020665901262,8.865979,-63.49108,0.412371,4.329897,16.229508
20432,Santa María Temaxcalapa,20.98765432098765,57.613169,7.407407,27.424749163879596,78.59531799999999,1.869159,11.295681063122924,5.016722,95.18348623853211,0.0,-63.43592,0.33444799999999997,0.0,18.493909
20433,Santa María Temaxcaltepec,2.0,78.255528,31.019655999999998,27.491961414790993,93.075684,13.986013999999999,45.32293986636971,19.645733,92.53849190682985,74.074074,-55.35879,6.1191629999999995,0.48309199999999997,19.710468
20434,Santa María Teopoxco,10.780669144981413,71.058733,31.491498999999997,4.8845470692717585,90.941385,3.763441,25.972396486825595,14.387210999999999,92.32204745401226,15.275310999999999,-65.28208,0.53286,1.509769,6.373901999999999
20435,Santa María Tepantlali,12.839506172839506,68.293683,31.173092999999998,11.860718171926006,87.33624499999999,11.821975,23.326687553403588,26.637555,94.85967503692763,43.777293,-64.71924,3.60262,2.1834059999999997,19.519016
20436,Santa María Texcatitlán,20.0,69.302326,25.116279,11.604095563139932,78.350515,3.2679739999999997,22.098214285714285,14.089347,94.94117647058825,91.065292,-64.33094,2.4054979999999997,3.7800689999999997,2.455357
20437,Santa María Tlahuitoltepec,31.071779744346117,52.201726,23.847068999999998,12.68352365415987,86.691237,3.911205,18.43381112984823,29.72973,94.84941073766913,73.341523,-64.46178,3.1531529999999997,2.0884519999999998,27.670154
20438,Santa María Tlalixtac,8.875739644970414,61.361771999999995,23.707957,11.8895966029724,72.340426,3.8363169999999998,16.094541361845806,19.361701999999998,38.98500576701269,15.531915,-64.8864,1.7021279999999999,1.7021279999999999,13.974986
20439,Santa María Tonameca,13.313212608987257,58.030609,17.245162999999998,15.179677819083023,67.567148,9.703398,20.149990132228144,24.421674,34.57979146601901,24.421674,-62.81285,4.8905449999999995,4.999224,25.987295999999997
20440,Santa María Totolapilla,31.372549019607842,58.658345999999995,17.940718,11.486486486486488,63.945578,2.752294,12.939698492462313,5.442177,39.898348157560356,4.761905,-63.96108,1.70068,2.721088,10.098521999999999
20441,Santa María Xadani,15.29294935451837,66.06110699999999,22.510322,17.8363880196692,53.438914,10.307132,29.759584145549056,4.705882,93.19735774713178,2.7601809999999998,-64.93206,1.493213,3.438914,15.551224
20442,Santa María Yalina,16.666666666666664,62.886598,6.7010309999999995,2.4096385542168677,63.855422,3.3333329999999997,26.8,10.843373,66.38297872340425,0.0,-64.07705,0.0,0.0,7.6
20443,Santa María Yavesía,23.684210526315788,44.848485,1.5151519999999998,32.87671232876712,33.561644,6.349206,27.419354838709676,7.534247,27.25060827250608,5.479451999999999,-58.10632,0.684932,1.3698629999999998,3.917051
20444,Santa María Yolotepec,11.428571428571429,53.892216,8.083832,10.32258064516129,58.064516,6.741573,34.0956340956341,7.741935,49.77973568281938,53.548387,-61.38747,3.225806,1.935484,47.193346999999996
20445,Santa María Yosoyúa,30.131004366812224,38.992689,14.378554,14.775725593667547,86.772487,0.323625,20.9053007742704,11.904762,84.94756323257249,76.45502599999999,-63.57317,1.058201,1.322751,6.533255
20446,Santa María Yucuhiti,24.53531598513011,48.873874,11.869368999999999,12.583182093163945,80.54545499999999,1.7982019999999999,18.484848484848484,13.030303,91.86836148354519,60.606061,-62.36129,1.272727,0.666667,12.98269
20447,Santa María Zacatepec,13.417855256207078,59.740041,16.948007999999998,13.258426966292136,59.950191999999994,6.032849,24.181286549707604,13.764999,22.30993970286567,6.271224999999999,-58.93491,2.739416,4.029885,26.982456
20448,Santa María Zaniza,5.847953216374268,60.945100999999994,14.940930999999999,5.753968253968254,94.047619,4.798762,13.851761846901582,43.849205999999995,19.382877009995656,53.968253999999995,-64.19676,2.97619,0.5952379999999999,4.171729
20449,Santa María Zoquitlán,10.79136690647482,68.90618599999999,14.010651,38.991270611057224,35.242717999999996,9.248555,18.06314511232544,14.854369,0.41720154043645696,10.679611999999999,-61.59038,1.650485,4.271845,21.888282
20450,Santiago Amoltepec,8.504875406283857,69.685535,23.119497,6.4128256513026045,94.518717,9.350648999999999,16.205016357688113,66.97861,55.347427327840826,99.097594,-64.27388,6.684492,0.568182,7.369180999999999
20451,Santiago Apoala,17.391304347826086,66.755319,34.175532,0.6153846153846154,85.75851399999999,1.5306119999999999,28.39248434237996,13.622290999999999,85.71428571428571,78.32817299999999,-64.3578,2.786378,0.928793,16.192345
20452,Santiago Apóstol,15.481171548117153,70.817121,22.388506,17.056277056277054,68.0,11.793215,29.65392445148157,48.869564999999994,64.80247501189909,19.304347999999997,-61.87953,0.8695649999999999,1.4782609999999998,56.457815
20453,Santiago Astata,14.121037463976945,43.871190999999996,9.660665,20.826833073322934,57.36,4.173107,26.710929519918285,7.279999999999999,10.281124497991968,95.67999999999999,-63.94158,4.64,7.12,22.077590999999998
20454,Santiago Atitlán,13.939393939393941,58.537534,20.614546999999998,7.231638418079096,94.67723699999999,11.480865,15.369318181818182,25.254813,96.6706302021403,29.445073999999998,-64.24205,3.284258,1.132503,24.437569999999997
20455,Santiago Ayuquililla,8.666666666666668,62.763225,10.888546,5.49738219895288,46.850394,6.164384,19.27586206896552,7.611548999999999,0.44198895027624313,25.984251999999998,-62.78068,1.44357,16.010499,23.278236999999997
20456,Santiago Cacaloxtepec,18.666666666666668,57.028112,20.321285,17.813765182186234,52.892562,3.543307,21.595680863827234,3.0991739999999997,28.28282828282828,5.165289,-64.67982,0.619835,5.578512,34.253149
20457,Santiago Camotlán,21.80293501048218,69.283971,11.228641,14.855875831485587,85.555556,6.039076,13.11377245508982,23.888889,86.45020293474867,31.333333,-64.17968,1.222222,0.8888889999999999,38.583383
20458,Santiago Comaltepec,16.304347826086957,56.647399,10.404624,11.695906432748536,50.294118,0.609756,22.942206654991242,4.705882,83.0909090909091,5.294118,-60.90011,0.588235,2.941176,9.248054999999999
20459,Villa de Santiago Chazumba,45.073891625615765,42.638777,6.248323999999999,18.569636135508155,54.528302,3.492885,32.25538971807628,2.515723,9.78931687593105,12.452829999999999,-63.50746,2.45283,4.08805,34.32438
20460,Santiago Choápam,11.610486891385769,69.447514,20.883978,10.696338837042354,85.529158,8.568548,21.147919876733436,19.798416,47.82961460446247,55.435565,-62.91835,4.175666,1.223902,26.61198
20461,Santiago del Río,2.3255813953488373,78.019324,22.705313999999998,5.851063829787234,51.063829999999996,7.8125,35.86337760910816,17.021276999999998,22.266401590457257,11.702128,-59.84921,3.191489,5.3191489999999995,22.390891999999997
20462,Santiago Huajolotitlán,24.59016393442623,42.44898,5.685131,11.863057324840764,34.747797999999996,7.742782,24.60370618441616,5.044035,0.8352144469525958,10.168135,-61.73742,1.120897,3.6028819999999997,41.326087
20463,Santiago Huauclilla,18.91891891891892,61.731207,6.150341999999999,9.793814432989691,65.80310899999999,9.090909,16.988416988416986,13.471503,2.1653543307086616,40.932642,-64.76125,2.072539,5.699482,28.190476
20464,Santiago Ihuitlán Plumas,16.666666666666664,57.370518,13.944223,0.0,54.782609,3.030303,29.141104294478527,7.826086999999999,7.228915662650602,8.695651999999999,-64.98161,0.0,5.217391,16.129032
20465,Santiago Ixcuintepec,10.69182389937107,69.038817,18.391866999999998,2.9055690072639226,75.182482,9.444443999999999,15.647921760391197,20.681265,71.19635890767229,3.163017,-62.68304,3.163017,2.43309,10.207823999999999
20466,Santiago Ixtayutla,4.73551637279597,74.339454,32.657859,11.322549952426261,91.870435,12.732615,22.179746105020197,40.679581,82.1115046973664,52.429342999999996,-62.79377,7.4944429999999995,1.492537,14.740634
20467,Santiago Jamiltepec,17.50663129973475,49.646173999999995,14.256229,17.55656108597285,59.254545,5.207688,27.09031852472758,10.890908999999999,23.25928381962865,8.654544999999999,-62.48647,2.309091,5.363636,31.519464
20468,Santiago Jocotepec,8.439716312056737,69.323275,24.499836,8.170515097690942,83.022222,11.210348,20.222634508348794,17.748148,68.19033345822405,55.674074,-64.19152,2.162963,1.985185,25.637414
20469,Santiago Juxtlahuaca,18.96197327852004,53.701671999999995,20.107955999999998,12.310730743910467,61.327656999999995,6.674098,25.66978010716482,24.371425,63.62770695745661,24.065452,-61.73902,4.0574699999999995,10.482904999999999,32.39096
20470,Santiago Lachiguiri,15.277777777777779,62.403560999999996,13.679525,30.89887640449438,85.07042299999999,4.72103,17.11463358603262,18.169014,49.85875706214689,9.647886999999999,-64.82032,5.6338029999999995,6.056337999999999,17.06873
20471,Santiago Lalopa,45.83333333333333,55.131965,7.038123,23.4375,80.952381,3.636364,20.537897310513447,7.936508,94.27207637231504,0.0,-64.58312,0.793651,0.793651,11.136891
20472,Santiago Laollaga,30.136986301369863,38.148722,8.752905,26.207513416815743,55.874438999999995,3.4836069999999997,26.926509967271645,4.484305,9.313877677739832,2.6905829999999997,-64.89723,0.7174889999999999,2.6905829999999997,18.119607
20473,Santiago Laxopa,5.0,57.471264,3.239289,10.933333333333334,78.342246,1.877934,24.3996901626646,16.042780999999998,80.13029315960912,2.941176,-64.38379,0.26738,1.336898,7.745933
20474,Santiago Llano Grande,18.374558303886925,48.837208999999994,17.54386,8.823529411764707,47.646494,3.9518899999999997,29.38953488372093,7.78098,2.2126613398893666,8.933717999999999,-62.60357,2.497598,9.125841,20.523256
20475,Santiago Matatlán,19.35483870967742,60.545673,17.13254,21.04848245959795,68.596352,3.16687,17.77886977886978,16.851705,83.02998965873837,2.97383,-59.90957,1.9032509999999998,0.991277,32.186732
20476,Santiago Miltepec,13.333333333333334,50.793651,8.253968,10.48951048951049,40.84507,6.6666669999999995,31.828978622327792,2.8169009999999997,0.7537688442211055,7.746479,-63.91499,2.112676,3.521127,11.401425
20477,Santiago Minas,5.6000000000000005,74.53987699999999,20.961145,5.042016806722689,32.773109,8.374384,12.735493594574226,15.686274999999998,8.0,15.686274999999998,-59.68417,1.40056,0.5602239999999999,11.680482
20478,Santiago Nacaltepec,18.095238095238095,66.317486,9.427881,7.964601769911504,57.371226,3.585657,25.144694533762056,12.966251999999999,1.6118633139909737,35.701599,-63.72253,1.598579,1.598579,17.698562
20479,Santiago Nejapilla,12.5,71.81208099999999,10.738254999999999,7.352941176470589,80.882353,0.0,16.091954022988507,2.941176,1.7543859649122806,58.823529,-64.43607,1.470588,0.0,21.264367999999997
20480,Santiago Nundiche,24.285714285714285,47.230320999999996,11.467443999999999,3.225806451612903,92.288557,1.522843,15.603900975243812,20.39801,90.77519379844962,96.51741299999999,-64.82237,11.940299,4.975124,28.275351999999998
20481,Santiago Nuyoó,28.846153846153843,50.786837999999996,15.379112999999998,5.507745266781412,78.583765,2.167183,24.161788185204898,14.853195,90.01097694840834,83.246978,-62.52269,1.7271159999999999,2.590674,7.270810999999999
20482,Santiago Pinotepa Nacional,26.399371069182394,40.710238,12.731394,23.706370122774313,58.02589,4.135338,28.84760366182014,9.553398,17.93890236506974,9.398057999999999,-63.64071,1.89644,8.491909,39.480658999999996
20483,Santiago Suchilquitongo,26.81099084096586,39.608951999999995,3.271028,20.887181278379323,45.997903,6.4257029999999995,26.302250803858524,8.039147,1.1769208688163812,38.168473,-64.54955,1.677735,1.11849,37.194562
20484,Santiago Tamazola,11.11111111111111,58.708414999999995,13.274624999999999,6.921029281277728,28.0,3.7878789999999998,20.72678331090175,4.088889,5.679367361610352,6.844443999999999,-58.81333,1.7777779999999999,6.0444439999999995,14.692687
20485,Santiago Tapextla,10.714285714285714,66.195762,24.722503,4.099378881987578,45.511222,15.952732999999998,27.440970006381622,14.837905,1.5146299483648882,25.685786,-60.01227,2.9925189999999997,22.194513999999998,23.292915999999998
20486,Villa Tejúpam de la Unión,26.907630522088354,48.781838,6.146179,30.79136690647482,48.414986,3.465347,26.209177346010748,6.48415,1.0309278350515463,7.3487029999999995,-64.40434,1.29683,5.18732,22.943365
20487,Santiago Tenango,18.478260869565215,32.608696,3.295933,2.5510204081632653,71.623932,5.329154,17.14140386571719,25.128204999999998,1.0816657652785289,23.760683999999998,-65.0879,5.299144999999999,1.7094019999999999,35.60529
20488,Santiago Tepetlapa,27.27272727272727,67.34693899999999,10.204082,7.317073170731707,46.341463,0.0,32.30769230769231,4.878049,0.7936507936507936,7.317073,-64.83318774193549,0.0,0.0,37.692308
20489,Santiago Tetepec,7.782101167315175,59.432289,14.843288,21.925925925925927,76.03857599999999,3.541667,17.33550621307802,15.430266999999999,25.339074273412272,19.807122,-62.02618,2.522255,6.973294,25.096760999999997
20490,Santiago Texcalcingo,6.907894736842106,72.559761,27.390438,6.561679790026247,90.68241499999999,8.789625,18.19098856758574,8.530184,94.70525944228733,24.146981999999998,-65.31562,0.656168,1.1811019999999999,24.512441
20491,Santiago Textitlán,18.04733727810651,41.980519,10.162338,11.233480176211454,65.59734499999999,0.849618,16.281512605042018,28.097344999999997,25.04879635653871,63.163717,-64.21608,1.880531,0.553097,7.221095
20492,Santiago Tilantongo,10.982658959537572,58.341708999999994,18.341708999999998,8.360836083608362,72.45575199999999,1.263538,24.166048925129726,15.929203999999999,49.079984979346605,77.433628,-64.85226,5.641592999999999,3.761062,11.685962
20493,Santiago Tillo,22.448979591836736,45.454544999999996,6.220096,34.285714285714285,38.857143,2.439024,24.220183486238533,6.285714,2.4761904761904763,24.0,-63.96785,0.571429,1.142857,18.165138
20494,Santiago Tlazoyaltepec,12.656641604010025,57.218225,20.983213,13.0,79.58236699999999,3.751804,17.253066494512588,26.140757999999998,82.02625378660385,94.199536,-60.85099,3.1709199999999997,1.9334879999999999,17.587301999999998
20495,Santiago Xanica,6.752411575562702,69.578313,21.234939999999998,8.65265760197775,93.325093,11.688312,13.799933971607793,23.238566,45.48672566371682,76.637824,-64.48221,8.405439,2.2249689999999998,17.23341
20496,Santiago Xiacuí,25.477707006369428,38.494018,2.7445459999999997,36.61710037174721,35.76779,1.618123,18.576860401955457,10.861423,10.657095527332965,15.355805,-63.16694,0.374532,0.749064,17.062863
20497,Santiago Yaitepec,3.296703296703297,82.028666,43.513414,9.538784067085954,81.223629,15.618661,37.84549964564139,14.135021,95.40344741443917,57.700421999999996,-56.21328,0.949367,2.953586,26.931254
20498,Santiago Yaveo,11.862244897959185,59.066868,15.489232999999999,9.678965021562052,56.009615,7.377648,19.491861849940452,14.519231,25.712290502793294,20.096154,-63.8755,3.461538,3.7980769999999997,23.310944
20499,Santiago Yolomécatl,41.17647058823529,35.37931,3.310345,24.444444444444443,39.888683,3.5947709999999997,31.997918834547345,7.0500929999999995,3.9587852494577005,8.90538,-64.20933,0.556586,1.48423,17.48179
20500,Santiago Yosondúa,12.612612612612612,59.621900999999994,12.109862999999999,13.540372670807454,63.243243,6.186954,23.345959595959595,17.796257999999998,24.047619047619047,37.546777999999996,-62.68025,4.158004,2.370062,17.156800999999998
20501,Santiago Yucuyachi,10.714285714285714,71.539457,19.663648,4.587155963302752,26.299694,7.913669,29.959919839679362,7.339449999999999,13.270637408568442,7.6452599999999995,-56.49493,0.917431,1.834862,22.144289
20502,Santiago Zacatepec,8.764044943820224,73.554665,29.278764,12.736179146256124,95.87188599999999,10.772579,17.770310338011463,48.967971999999996,93.99707174231332,48.256228,-65.08457,4.768683,2.135231,13.715857999999999
20503,Santiago Zoochila,19.35483870967742,55.555555999999996,9.309308999999999,23.387096774193548,41.935483999999995,1.639344,19.52941176470588,7.258064999999999,60.58394160583942,0.806452,-62.20827,0.0,0.0,30.588234999999997
20504,Nuevo Zoquiápam,18.07909604519774,55.982143,5.535714,21.534653465346533,15.538846999999999,0.6920419999999999,21.132075471698116,30.075187999999997,40.9814323607427,1.5037589999999998,-57.17095,0.250627,0.75188,12.578616
20505,Santo Domingo Ingenio,41.795665634674926,44.60371,11.720067,28.10875649740104,27.181745,1.816609,28.48579619494397,1.761409,4.035632339047105,2.481986,-64.86966,0.840673,2.522018,27.535477
20506,Santo Domingo Albarradas,14.666666666666666,51.696284,14.378029,14.224137931034484,69.396552,4.504505,16.040100250626566,14.224138,75.52910052910053,1.724138,-61.58337,0.862069,2.586207,20.676692
20507,Santo Domingo Armenta,13.257575757575758,60.300328,19.615204,3.4151547491995733,49.356223,4.878049,24.944532488114106,11.695279,1.8810883439704402,17.489269999999998,-59.75364,3.4334759999999998,15.879828,22.662440999999998
20508,Santo Domingo Chihuitán,27.972027972027973,39.444444,8.809524,30.76923076923077,34.962406,2.898551,27.62669962917182,3.947368,8.844415752098127,1.879699,-64.66936,1.879699,2.819549,12.855376999999999
20509,Santo Domingo de Morelos,6.350364963503649,70.238429,22.370265999999997,9.646302250803858,89.85507199999999,12.407045,16.484485190409025,20.128823999999998,83.76568248278464,63.929147,-61.51877,2.6167469999999997,5.917873999999999,13.703443
20510,Santo Domingo Ixcatlán,26.785714285714285,43.783784,7.747748,25.675675675675674,45.454544999999996,1.639344,46.81139755766621,33.181818,19.475138121546962,44.545455,-63.36816,4.545455,4.090909,3.8157889999999997
20511,Santo Domingo Nuxaá,7.4074074074074066,55.052107,6.207522,6.550218340611353,90.60109299999999,4.031209,12.995729103111653,16.174863,48.539114043355326,80.21857899999999,-64.8692,6.775956,3.387978,10.494753
20512,Santo Domingo Ozolotepec,18.045112781954884,64.883402,22.222222,1.8726591760299627,69.28838999999999,4.950495,18.7102633969119,18.726592,36.40824337585868,22.846442,-64.06889,1.8726589999999999,0.749064,18.80109
20513,Santo Domingo Petapa,21.603563474387528,55.403059999999996,15.16012,16.711590296495956,58.278656999999995,4.5094449999999995,20.08419186883793,11.462755999999999,30.417892878163627,5.287534,-63.46451,4.12968,3.820919,27.118644
20514,Santo Domingo Roayaga,6.504065040650407,66.205837,17.665131,4.032258064516129,94.715447,5.978261,17.69722814498934,59.756097999999994,94.8488241881299,50.0,-64.14982,4.065041,2.439024,41.657810999999995
20515,Santo Domingo Tehuantepec,34.776228906823185,34.859747999999996,7.497274,37.76349614395887,39.786389,3.8097839999999996,28.812956042000355,11.258448999999999,8.372279548995111,3.044219,-64.52294,1.9864819999999999,2.7191579999999997,25.593823
20516,Santo Domingo Teojomulco,14.518760195758565,60.005700999999995,12.571266,4.5592705167173255,51.445966999999996,6.461233,18.681948424068768,19.178082,1.3891685121803907,9.817352,-62.05558,1.902588,1.978691,4.638783
20517,Santo Domingo Tepuxtepec,10.029069767441861,64.26640499999999,32.587859,12.057220708446867,90.130226,5.978706,29.90446946434664,41.877998999999996,95.95959595959596,73.749143,-63.47301,6.7169289999999995,1.8505829999999999,23.337204
20518,Santo Domingo Tlatayápam,11.11111111111111,55.434782999999996,5.4347829999999995,0.0,59.52381,0.0,34.51327433628318,11.904762,0.0,66.666667,-64.83377,0.0,0.0,44.247788
20519,Santo Domingo Tomaltepec,32.37822349570201,50.345887999999995,4.112221,36.353711790393014,34.825328,7.515657999999999,19.93502658003544,13.537118,15.932203389830507,2.7292579999999997,-62.73176,0.545852,1.419214,40.431187
20520,Santo Domingo Tonalá,17.096018735362996,60.834255999999996,16.076043,14.62671406805485,32.346939,10.471623,20.571119231289757,3.72449,23.61880414713819,4.489796,-57.81581,1.5306119999999999,3.316327,29.690248
20521,Santo Domingo Tonaltepec,47.368421052631575,55.729167,10.416667,3.79746835443038,77.21518999999999,2.8571429999999998,26.400000000000002,12.658228,9.243697478991598,8.860759,-64.87658,2.531646,0.0,24.799999999999997
20522,Santo Domingo Xagacía,9.574468085106384,66.37931,12.315271,10.857142857142858,91.714286,2.542373,29.045643153526974,25.142857,80.87719298245614,13.714286,-64.82789,2.8571429999999998,3.428571,20.082988
20523,Santo Domingo Yanhuitlán,32.6530612244898,40.517962,6.516291,29.47976878612717,53.191489,4.377104,27.24399494310999,12.185687,2.3506988564167726,20.696324999999998,-64.26743,0.580271,1.3539649999999999,19.534599
20524,Santo Domingo Yodohino,9.67741935483871,70.289855,2.898551,1.1764705882352942,38.095237999999995,19.354839,22.32415902140673,3.5714289999999997,0.0,1.1904759999999999,-61.74672,0.0,0.0,31.192660999999998
20525,Santo Domingo Zanatepec,22.617987533392697,49.088556,11.055981,15.841843414506416,34.916423,4.976077,28.222382440118558,4.722738,1.6227519866164786,4.6166089999999995,-64.85367,1.273547,5.067657,20.235519999999998
20526,Santos Reyes Nopala,13.70926021727884,56.478984,20.56392,22.130599509694672,70.244779,9.063353,26.492335437330926,14.911296,49.3666877770741,24.208399,-60.40342,3.211318,2.7397259999999997,15.879674
20527,Santos Reyes Pápalo,5.220883534136546,67.094801,16.146789,0.3262642740619902,90.04894,4.355401,11.927710843373495,16.639478,81.46883005977796,52.039151999999994,-64.09374,0.815661,1.9575859999999998,26.26506
20528,Santos Reyes Tepejillo,18.0,73.559823,33.677991,1.0452961672473868,67.944251,3.424658,28.871681415929203,6.620209,79.95365005793744,1.74216,-58.55347,0.6968639999999999,2.439024,26.106195
20529,Santos Reyes Yucuná,4.0358744394618835,69.94594599999999,22.054054,1.5686274509803921,79.13385799999999,8.87574,10.674931129476583,9.84252,94.94875549048317,25.984251999999998,-65.29117,1.1811019999999999,18.110236,6.987788
20530,Santo Tomás Jalieza,16.165413533834585,47.232079,8.729595,44.570837642192345,57.70424,4.30622,18.86311496303849,15.408479999999999,12.05308775731311,55.946225,-61.84558,1.861427,1.0341259999999999,22.278868
20531,Santo Tomás Mazaltepec,20.833333333333336,46.169771999999995,4.399586,27.098674521354933,62.481536,6.746988,23.27718223583461,10.930576,45.12489927477841,10.044312999999999,-63.76029,1.181684,2.2156569999999998,33.192955999999995
20532,Santo Tomás Ocotepec,14.917127071823206,56.287425,19.584360999999998,5.692599620493358,84.52041799999999,2.5673939999999997,21.131982204646565,24.026591,92.90523045054377,88.793922,-63.95346,3.6087369999999996,3.988604,46.606001
20533,Santo Tomás Tamazulapan,22.330097087378643,51.177073,8.904811,37.66756032171582,58.918918999999995,6.694560999999999,20.32281731474688,8.513513999999999,13.58548822848321,17.162162,-64.16983,2.432432,1.081081,36.940571999999996
20534,San Vicente Coatlán,5.804749340369393,76.974231,25.020781,2.955082742316785,85.34279,14.327917,21.156036446469248,19.858155999999997,90.64574532287266,59.574467999999996,-54.90767,1.536643,3.664303,28.359909
20535,San Vicente Lachixío,8.951406649616368,52.930144999999996,20.862634999999997,2.2315202231520224,72.931276,2.631579,20.26774595267746,16.409537,96.05392962841171,96.353436,-58.9122,1.5427769999999998,0.280505,39.727301
20536,San Vicente Nuñú,20.51282051282051,65.64245799999999,3.910615,6.622516556291391,50.331126,0.0,14.699331848552339,5.960265,0.9195402298850575,3.9735099999999997,-65.00085,0.662252,3.311258,7.126949
20537,Silacayoápam,15.384615384615385,58.612392,17.605774999999998,6.753246753246753,36.596858999999995,5.252725,21.669150521609538,9.842932,16.50928548945546,8.534030999999999,-58.43038,1.256545,3.455497,27.272727
20538,Sitio de Xitlapehua,18.88888888888889,58.984375,7.8125,3.9408866995073892,60.591133,5.172414,19.775596072931275,6.896552,1.6272189349112427,56.157635,-62.10052,0.49261099999999997,3.940887,32.258065
20539,Soledad Etla,32.97872340425532,31.151615999999997,1.7812759999999999,35.53025763930498,33.574007,6.765327999999999,26.496534341524892,4.632972,3.1618610747051115,8.363418,-63.82824,3.910951,1.203369,35.223693
20540,Villa de Tamazulápam del Progreso,55.5452865064695,32.321253999999996,4.7992159999999995,32.826475849731665,31.227598999999998,3.2188839999999996,28.624953165979765,10.797490999999999,2.700665745509358,2.9121859999999997,-64.44364,2.150538,1.388889,23.300504
20541,Tanetze de Zaragoza,45.18518518518518,60.302307,5.011933,9.780439121756487,79.919679,0.534759,16.79946879150066,23.895581999999997,84.08190224570674,0.40160599999999996,-63.80713,0.40160599999999996,0.20080299999999998,21.245186
20542,Taniche,14.130434782608695,67.111111,10.37037,8.799999999999999,54.8,12.096774,25.93010146561443,6.3999999999999995,0.5882352941176471,13.6,-60.44369,1.5999999999999999,2.8,28.184893
20543,Tataltepec de Valdés,13.679245283018867,62.583009,19.487061999999998,3.004291845493562,81.85731899999999,5.070657,16.238647040400878,12.177121999999999,55.899064171122994,29.827797999999998,-62.74698,6.273063,3.690037,20.435326999999997
20544,Teococuilco de Marcos Pérez,19.767441860465116,60.495436999999995,7.9530639999999995,21.283783783783782,39.189189,3.164557,21.124031007751938,29.391892,70.62436028659161,3.0405409999999997,-59.97848,0.6756759999999999,2.027027,20.736434
20545,Teotitlán de Flores Magón,32.49776186213071,31.255218,7.918174,38.94425987449243,46.770601,4.143019,34.22778771615981,8.834446999999999,15.620743844944998,1.9673349999999998,-64.66875,1.744618,1.6703789999999998,32.587385
20546,Teotitlán del Valle,31.36,53.648837,8.411215,47.49262536873156,49.733885,2.0524519999999997,17.463552280921775,25.842696999999998,63.50672500405121,13.660556,-62.87903,0.35481999999999997,4.1986989999999995,48.107009
20547,Teotongo,35.8974358974359,52.330225999999996,8.655126,8.411214953271028,42.5,2.39521,24.239350912778903,7.8125,2.3858921161825726,3.4375,-63.29229,1.25,1.875,11.940299
20548,Tepelmeme Villa de Morelos,13.846153846153847,58.148148,6.0740739999999995,25.79034941763727,54.882155,6.970509,33.52040816326531,10.101009999999999,1.8949648077964267,14.646465,-62.89363,7.407407,6.228956,22.295918
20549,"Heroica Villa Tezoatlán de Segura y Luna, Cuna de la Independencia de Oaxaca",18.451400329489292,62.174324999999996,17.62198,7.575757575757576,53.023396999999996,5.080214,20.567562818485328,9.814646,49.45347662349591,18.474628,-60.41817,2.248557,3.950167,27.466200999999998
20550,San Jerónimo Tlacochahuaya,39.01996370235935,44.713059,6.642567,40.79283887468031,55.278310999999995,3.596288,22.166203059805284,11.260397,39.40158615717376,35.316699,-63.42849,2.047345,1.727447,37.057598999999996
20551,Tlacolula de Matamoros,30.640394088669954,36.29065,6.458888,39.009806266443434,43.269807,4.308149,27.571890420282458,13.184706,20.290556900726394,7.035838,-63.15095,1.630109,0.8270409999999999,41.02598
20552,Tlacotepec Plumas,42.42424242424242,61.875,5.9375,5.072463768115942,41.605838999999996,1.538462,22.195121951219512,6.569343,7.017543859649122,5.839416,-65.17323,1.459854,0.729927,5.121951
20553,Tlalixtac de Cabrera,31.61290322580645,36.384716999999995,4.339664,54.34434113497916,36.629213,7.037457,23.302098018077785,11.043339,8.160949637776033,5.361155999999999,-63.98137,0.674157,1.091493,48.131267
20554,Totontepec Villa de Morelos,14.922480620155037,63.768479,21.197695,8.541392904073588,78.60927199999999,9.704640999999999,20.0580402867873,18.940397,81.59553394561499,40.662251999999995,-63.97888,1.8543049999999999,1.5231789999999998,22.645664
20555,Trinidad Zaachila,28.71536523929471,47.762346,7.484567999999999,36.13259668508287,39.116022,3.476483,18.601930389002632,11.933702,1.464754348489472,27.182319999999997,-62.8517,0.994475,1.325967,44.077216
20556,La Trinidad Vista Hermosa,25.0,51.818182,12.272727,58.24175824175825,50.549451,1.754386,29.411764705882355,4.395604,6.122448979591836,5.494505,-64.37774,5.494505,1.098901,24.509804
20557,Unión Hidalgo,45.16353514265832,33.247008,8.965887,36.45100796999532,32.496480999999996,1.924883,32.01760418099299,2.229,49.18454935622318,0.8681369999999999,-65.14897,0.915063,1.501642,40.627148999999996
20558,Valerio Trujano,21.705426356589147,43.697479,8.496732,17.551963048498845,54.166667,3.9024389999999998,28.997093023255815,11.574074,15.66265060240964,9.722222,-63.83086,2.083333,3.7037039999999997,13.444766999999999
20559,San Juan Bautista Valle Nacional,21.746361746361746,48.960449,12.612020999999999,23.25928381962865,61.297914999999996,4.202783999999999,24.778606639619596,7.061197,53.370322817314744,14.240081,-62.02587,1.5131139999999998,1.025555,17.232409999999998
20560,Villa Díaz Ordaz,14.87603305785124,69.62568999999999,11.352015,21.025345622119815,72.276657,5.642633,14.612648832534406,18.270893,82.49757360077645,17.175793,-60.34296,1.210375,2.305476,71.93443599999999
20561,Yaxe,17.150395778364118,51.043115,11.590171999999999,15.942028985507244,86.231884,5.894309,23.459715639810426,20.169082,1.0668563300142246,95.28985499999999,-63.20827,4.227053,10.386472999999999,30.670278
20562,Magdalena Yodocono de Porfirio Díaz,16.666666666666664,43.800979,8.238173,21.47368421052632,48.625792999999994,3.971119,14.346246973365616,6.976744,0.8722741433021807,25.369978999999997,-64.88819,0.634249,5.073996,21.938169
20563,Yogana,12.389380530973451,75.642343,29.907503,13.192612137203167,64.907652,12.413793,22.08835341365462,20.580475,0.08417508417508417,29.815303,-60.44661,2.110818,20.05277,27.630522
20564,Yutanduchi de Guerrero,20.54794520547945,59.212050999999995,19.003476,12.82051282051282,87.855297,0.49751199999999995,18.93491124260355,15.762274,82.4468085106383,63.565891,-64.9232,2.067183,1.29199,10.878661
20565,Villa de Zaachila,31.722428748451055,36.000719,5.694419,29.64436917866215,48.127978,4.899559,30.831682315444915,25.680735,11.091756402135553,13.648741,-63.74656,3.522805,1.78693,41.449293999999995
20566,San Mateo Yucutindoo,15.178571428571427,60.583603999999994,19.685039,15.316315205327413,74.082314,3.367003,16.315959857559083,21.245829,1.4261460101867571,51.612902999999996,-63.72331,2.780868,1.001112,11.577608
20567,Zapotitlán Lagunas,11.016949152542372,70.76326,22.25097,14.908256880733944,27.586206999999998,11.311475,16.114725014784153,15.977011,0.5089058524173028,8.390805,-59.90905,1.034483,8.505747,17.622708
20568,Zapotitlán Palmas,13.496932515337424,60.394411999999996,16.351684,20.69672131147541,33.401638999999996,1.792115,24.601769911504427,5.122951,13.240857503152585,12.295081999999999,-58.28239,1.8442619999999998,3.0737699999999997,25.958702
20569,Santa Inés de Zaragoza,6.741573033707865,59.73025,10.789981,5.833333333333333,70.50209199999999,3.0612239999999997,18.51851851851852,5.230125999999999,34.93635077793494,62.552301,-64.74672,1.8828449999999999,6.903766,15.887208
20570,Zimatlán de Álvarez,28.372283722837228,39.84639,6.47619,26.048414592567337,43.382352999999995,5.077573999999999,28.792751981879956,20.331737,4.058952589907469,16.073871,-62.99627,1.573187,2.274282,54.012583
